,variable,season,value,SITE_ID
0,ET,winter,25.558737732440814,CN-Cha
1,ET,spring,167.78122889142858,CN-Cha
2,ET,summer,218.03496368326532,CN-Cha
3,ET,fall,32.73571953345306,CN-Cha
4,P_F,winter,13.741666666666667,CN-Cha
5,P_F,spring,132.83333333333334,CN-Cha
6,P_F,summer,289.001,CN-Cha
7,P_F,fall,30.566666666666674,CN-Cha
8,TA_F,winter,-9.204789865689866,CN-Cha
9,TA_F,spring,12.031761904761906,CN-Cha
10,TA_F,summer,16.983018115942027,CN-Cha
11,TA_F,fall,-2.5580797101449275,CN-Cha
0,ET,winter,146.0764942951445,AU-ASM
1,ET,spring,77.96824009790694,AU-ASM
2,ET,summer,46.11539001035756,AU-ASM
3,ET,fall,66.6400409858351,AU-ASM
4,P_F,winter,218.33920000000003,AU-ASM
5,P_F,spring,46.2846,AU-ASM
6,P_F,summer,33.343599999999995,AU-ASM
7,P_F,fall,92.1332,AU-ASM
8,TA_F,winter,27.647837509157505,AU-ASM
9,TA_F,spring,17.731606593406593,AU-ASM
10,TA_F,summer,17.20159565217391,AU-ASM
11,TA_F,fall,27.114554347826083,AU-ASM
0,ET,winter,124.32918499364571,US-Goo
1,ET,spring,254.69029797355103,US-Goo
2,ET,summer,230.52189987213063,US-Goo
3,ET,fall,83.24025365916734,US-Goo
4,P_F,winter,301.8634,US-Goo
5,P_F,spring,360.19120000000004,US-Goo
6,P_F,summer,348.025,US-Goo
7,P_F,fall,417.9886,US-Goo
8,TA_F,winter,8.088091184371184,US-Goo
9,TA_F,spring,20.51529010989011,US-Goo
10,TA_F,summer,24.637134782608694,US-Goo
11,TA_F,fall,11.25368695652174,US-Goo
0,ET,winter,60.18927396403591,IT-Tor
1,ET,spring,156.62683918516618,IT-Tor
2,ET,summer,256.9397271323615,IT-Tor
3,ET,fall,43.516251327337606,IT-Tor
4,P_F,winter,117.32857142857141,IT-Tor
5,P_F,spring,238.0538571428571,IT-Tor
6,P_F,summer,204.3934285714286,IT-Tor
7,P_F,fall,208.07285714285715,IT-Tor
8,TA_F,winter,-3.609144601430316,IT-Tor
9,TA_F,spring,5.215378335949764,IT-Tor
10,TA_F,summer,9.958147515527951,IT-Tor
11,TA_F,fall,0.09925776397515529,IT-Tor
0,ET,winter,104.30153418800627,FR-LBr
1,ET,spring,223.50726103309265,FR-LBr
2,ET,summer,194.40100691400946,FR-LBr
3,ET,fall,79.88327254507705,FR-LBr
4,P_F,winter,253.956,FR-LBr
5,P_F,spring,190.6056923076923,FR-LBr
6,P_F,summer,161.60315384615384,FR-LBr
7,P_F,fall,314.0153076923077,FR-LBr
8,TA_F,winter,8.07101488682258,FR-LBr
9,TA_F,spring,15.763691462383768,FR-LBr
10,TA_F,summer,19.601458193979933,FR-LBr
11,TA_F,fall,9.972694816053512,FR-LBr
0,ET,winter,54.08408230530612,ES-Amo
1,ET,spring,38.56793664783674,ES-Amo
2,ET,summer,30.18031418057143,ES-Amo
3,ET,fall,46.12494142785306,ES-Amo
4,P_F,winter,101.02983333333333,ES-Amo
5,P_F,spring,35.01066666666667,ES-Amo
6,P_F,summer,31.92483333333333,ES-Amo
7,P_F,fall,125.7496666666667,ES-Amo
8,TA_F,winter,12.59315048840049,ES-Amo
9,TA_F,spring,19.365271062271063,ES-Amo
10,TA_F,summer,24.87761231884058,ES-Amo
11,TA_F,fall,15.609976449275363,ES-Amo
0,ET,winter,250.38341441044895,AU-Wom
1,ET,spring,106.13176012564898,AU-Wom
2,ET,summer,126.31319172440817,AU-Wom
3,ET,fall,272.4781121044898,AU-Wom
4,P_F,winter,202.0124,AU-Wom
5,P_F,spring,215.6864,AU-Wom
6,P_F,summer,318.994,AU-Wom
7,P_F,fall,218.86520000000002,AU-Wom
8,TA_F,winter,16.622685787545787,AU-Wom
9,TA_F,spring,9.271129670329671,AU-Wom
10,TA_F,summer,6.924828260869565,AU-Wom
11,TA_F,fall,12.895915217391302,AU-Wom
0,ET,winter,47.00909867363265,US-IB2
1,ET,spring,230.4678245877551,US-IB2
2,ET,summer,258.20139805714285,US-IB2
3,ET,fall,57.364658770775506,US-IB2
4,P_F,winter,174.559375,US-IB2
5,P_F,spring,306.232125,US-IB2
6,P_F,summer,283.78049999999996,US-IB2
7,P_F,fall,207.03887500000002,US-IB2
8,TA_F,winter,-1.9618488095238096,US-IB2
9,TA_F,spring,15.072741758241758,US-IB2
10,TA_F,summer,20.228271739130435,US-IB2
11,TA_F,fall,4.084403532608696,US-IB2
0,ET,winter,32.66832137142857,CN-Dan
1,ET,spring,204.6055069910204,CN-Dan
2,ET,summer,301.3272893387755,CN-Dan
3,ET,fall,55.21089617632653,CN-Dan
4,P_F,winter,3.05,CN-Dan
5,P_F,spring,180.0,CN-Dan
6,P_F,summer,310.75,CN-Dan
7,P_F,fall,26.35,CN-Dan
8,TA_F,winter,-4.502820634920635,CN-Dan
9,TA_F,spring,5.8475219780219785,CN-Dan
10,TA_F,summer,10.055538043478261,CN-Dan
11,TA_F,fall,-2.772016304347826,CN-Dan
0,ET,winter,110.41332388310204,AU-Cpr
1,ET,spring,67.29002169208164,AU-Cpr
2,ET,summer,60.066916944979596,AU-Cpr
3,ET,fall,84.66822005289796,AU-Cpr
4,P_F,winter,119.8006,AU-Cpr
5,P_F,spring,67.74080000000001,AU-Cpr
6,P_F,summer,58.141,AU-Cpr
7,P_F,fall,90.96000000000001,AU-Cpr
8,TA_F,winter,24.043172844932844,AU-Cpr
9,TA_F,spring,14.107621978021976,AU-Cpr
10,TA_F,summer,12.502260869565216,AU-Cpr
11,TA_F,fall,20.824173913043477,AU-Cpr
0,ET,winter,85.0572451685262,IT-SRo
1,ET,spring,210.68294866937845,IT-SRo
2,ET,summer,161.400820881726,IT-SRo
3,ET,fall,89.28450771109503,IT-SRo
4,P_F,winter,210.53764285714288,IT-SRo
5,P_F,spring,150.52849999999998,IT-SRo
6,P_F,summer,151.76864285714285,IT-SRo
7,P_F,fall,365.06064285714285,IT-SRo
8,TA_F,winter,8.505254936333507,IT-SRo
9,TA_F,spring,17.63639246467818,IT-SRo
10,TA_F,summer,22.596725155279504,IT-SRo
11,TA_F,fall,12.017113354037265,IT-SRo
0,ET,winter,49.961088141061225,AU-Ync
1,ET,spring,44.493368890775514,AU-Ync
2,ET,summer,74.81309266285713,AU-Ync
3,ET,fall,74.84566346448979,AU-Ync
4,P_F,winter,263.00166666666667,AU-Ync
5,P_F,spring,183.40566666666666,AU-Ync
6,P_F,summer,129.768,AU-Ync
7,P_F,fall,116.15566666666666,AU-Ync
8,TA_F,winter,24.056299877899875,AU-Ync
9,TA_F,spring,13.131494505494507,AU-Ync
10,TA_F,summer,11.227141304347825,AU-Ync
11,TA_F,fall,20.81754347826087,AU-Ync
0,ET,winter,77.48497310025692,NL-Loo
1,ET,spring,184.42678262925887,NL-Loo
2,ET,summer,209.12638080659937,NL-Loo
3,ET,fall,76.52951632987154,NL-Loo
4,P_F,winter,193.36805263157893,NL-Loo
5,P_F,spring,167.06778947368423,NL-Loo
6,P_F,summer,237.2416842105263,NL-Loo
7,P_F,fall,230.9871052631579,NL-Loo
8,TA_F,winter,3.969559321380374,NL-Loo
9,TA_F,spring,12.729305378831695,NL-Loo
10,TA_F,summer,16.461332951945078,NL-Loo
11,TA_F,fall,6.713174485125859,NL-Loo
0,ET,winter,61.091229438719985,ES-LJu
1,ET,spring,121.15666547853064,ES-LJu
2,ET,summer,61.2286888778449,ES-LJu
3,ET,fall,46.4348359531102,ES-LJu
4,P_F,winter,179.34679999999997,ES-LJu
5,P_F,spring,100.71719999999999,ES-LJu
6,P_F,summer,55.8806,ES-LJu
7,P_F,fall,259.05920000000003,ES-LJu
8,TA_F,winter,5.059153125763126,ES-LJu
9,TA_F,spring,13.023414285714287,ES-LJu
10,TA_F,summer,19.970585869565216,ES-LJu
11,TA_F,fall,8.545471739130434,ES-LJu
0,ET,winter,246.90398158180756,AU-Stp
1,ET,spring,117.90307993749273,AU-Stp
2,ET,summer,35.29990820554635,AU-Stp
3,ET,fall,109.66238841079416,AU-Stp
4,P_F,winter,536.7138571428571,AU-Stp
5,P_F,spring,23.417571428571428,AU-Stp
6,P_F,summer,4.719857142857142,AU-Stp
7,P_F,fall,163.67971428571428,AU-Stp
8,TA_F,winter,28.71635323565323,AU-Stp
9,TA_F,spring,23.065196232339087,AU-Stp
10,TA_F,summer,23.03290062111801,AU-Stp
11,TA_F,fall,29.79509316770186,AU-Stp
0,ET,winter,31.00028189142857,US-Whs
1,ET,spring,28.673721077877552,US-Whs
2,ET,summer,154.77754081959182,US-Whs
3,ET,fall,37.14187604914286,US-Whs
4,P_F,winter,31.972250000000003,US-Whs
5,P_F,spring,19.165375,US-Whs
6,P_F,summer,208.822375,US-Whs
7,P_F,fall,27.828875,US-Whs
8,TA_F,winter,10.603380082417582,US-Whs
9,TA_F,spring,21.859027472527472,US-Whs
10,TA_F,summer,24.398976902173914,US-Whs
11,TA_F,fall,13.282657608695652,US-Whs
0,ET,winter,116.0825609534694,IT-CA1
1,ET,spring,285.2120962285714,IT-CA1
2,ET,summer,258.75825266938773,IT-CA1
3,ET,fall,97.3820410089796,IT-CA1
4,P_F,winter,229.1585,IT-CA1
5,P_F,spring,153.156,IT-CA1
6,P_F,summer,167.74175000000002,IT-CA1
7,P_F,fall,217.51825,IT-CA1
8,TA_F,winter,7.902694078144077,IT-CA1
9,TA_F,spring,16.79656043956044,IT-CA1
10,TA_F,summer,22.621671195652173,IT-CA1
11,TA_F,fall,12.512926630434782,IT-CA1
0,ET,winter,52.9438742294204,IT-Ro1
1,ET,spring,189.05785990530615,IT-Ro1
2,ET,summer,142.69534064326533,IT-Ro1
3,ET,fall,52.40326287673469,IT-Ro1
4,P_F,winter,188.9051111111111,IT-Ro1
5,P_F,spring,147.55233333333334,IT-Ro1
6,P_F,summer,154.9801111111111,IT-Ro1
7,P_F,fall,319.58233333333334,IT-Ro1
8,TA_F,winter,8.756206037172705,IT-Ro1
9,TA_F,spring,17.917206349206353,IT-Ro1
10,TA_F,summer,22.855772946859904,IT-Ro1
11,TA_F,fall,12.57818115942029,IT-Ro1
0,ET,winter,83.44639547559184,AU-TTE
1,ET,spring,23.14055687275102,AU-TTE
2,ET,summer,10.852904232881633,AU-TTE
3,ET,fall,68.07003355219592,AU-TTE
4,P_F,winter,98.20366666666666,AU-TTE
5,P_F,spring,50.251666666666665,AU-TTE
6,P_F,summer,11.077,AU-TTE
7,P_F,fall,118.93333333333332,AU-TTE
8,TA_F,winter,29.291867846967847,AU-TTE
9,TA_F,spring,21.060355311355313,AU-TTE
10,TA_F,summer,18.490760869565218,AU-TTE
11,TA_F,fall,28.44119202898551,AU-TTE
0,ET,winter,271.7772278483965,AU-Dry
1,ET,spring,197.5357854787172,AU-Dry
2,ET,summer,117.56217566413996,AU-Dry
3,ET,fall,194.47822147172013,AU-Dry
4,P_F,winter,614.9200000000001,AU-Dry
5,P_F,spring,64.80342857142857,AU-Dry
6,P_F,summer,3.559,AU-Dry
7,P_F,fall,237.02814285714288,AU-Dry
8,TA_F,winter,28.15994036281179,AU-Dry
9,TA_F,spring,24.125466248037675,AU-Dry
10,TA_F,summer,24.666459627329193,AU-Dry
11,TA_F,fall,30.275352484472048,AU-Dry
0,ET,winter,32.2847819459389,DK-Sor
1,ET,spring,188.0120460404726,DK-Sor
2,ET,summer,208.23898433993554,DK-Sor
3,ET,fall,14.382133331428227,DK-Sor
4,P_F,winter,198.14215789473684,DK-Sor
5,P_F,spring,170.47947368421055,DK-Sor
6,P_F,summer,233.73426315789473,DK-Sor
7,P_F,fall,246.51915789473688,DK-Sor
8,TA_F,winter,1.2047370927318297,DK-Sor
9,TA_F,spring,10.802201272411798,DK-Sor
10,TA_F,summer,15.811837528604121,DK-Sor
11,TA_F,fall,5.436312356979405,DK-Sor
0,ET,winter,95.30813957877551,AU-GWW
1,ET,spring,48.89868973714286,AU-GWW
2,ET,summer,49.573619735510206,AU-GWW
3,ET,fall,81.28923651918367,AU-GWW
4,P_F,winter,174.701,AU-GWW
5,P_F,spring,57.8,AU-GWW
6,P_F,summer,56.3,AU-GWW
7,P_F,fall,76.0,AU-GWW
8,TA_F,winter,25.135483333333333,AU-GWW
9,TA_F,spring,16.45496153846154,AU-GWW
10,TA_F,summer,14.786375,AU-GWW
11,TA_F,fall,23.233641304347827,AU-GWW
0,ET,winter,47.633589480489796,US-LWW
1,ET,spring,192.55883592489795,US-LWW
2,ET,summer,142.6569586089796,US-LWW
3,ET,fall,51.05224006530612,US-LWW
4,P_F,winter,172.52999999999997,US-LWW
5,P_F,spring,319.8485,US-LWW
6,P_F,summer,131.1915,US-LWW
7,P_F,fall,222.8225,US-LWW
8,TA_F,winter,7.284722222222221,US-LWW
9,TA_F,spring,20.19558791208791,US-LWW
10,TA_F,summer,27.338956521739128,US-LWW
11,TA_F,fall,10.52383695652174,US-LWW
0,ET,winter,108.02556825421892,IT-Noe
1,ET,spring,152.8943354181818,IT-Noe
2,ET,summer,84.37160239934693,IT-Noe
3,ET,fall,88.75156266695956,IT-Noe
4,P_F,winter,175.9489090909091,IT-Noe
5,P_F,spring,104.32290909090908,IT-Noe
6,P_F,summer,52.9880909090909,IT-Noe
7,P_F,fall,237.4310909090909,IT-Noe
8,TA_F,winter,10.60905175935176,IT-Noe
9,TA_F,spring,17.506017982017983,IT-Noe
10,TA_F,summer,22.706132411067188,IT-Noe
11,TA_F,fall,14.776419960474307,IT-Noe
0,ET,winter,61.700061805714284,US-ARc
1,ET,spring,273.82117577142856,US-ARc
2,ET,summer,303.4643580734694,US-ARc
3,ET,fall,77.71113462857144,US-ARc
4,P_F,winter,142.418,US-ARc
5,P_F,spring,244.39999999999998,US-ARc
6,P_F,summer,237.10000000000002,US-ARc
7,P_F,fall,138.865,US-ARc
8,TA_F,winter,6.994716666666666,US-ARc
9,TA_F,spring,20.57301098901099,US-ARc
10,TA_F,summer,25.273445652173912,US-ARc
11,TA_F,fall,9.694114130434782,US-ARc
0,ET,winter,20.30756879843265,CA-TPD
1,ET,spring,118.40699902040815,CA-TPD
2,ET,summer,193.9267975444898,CA-TPD
3,ET,fall,32.066795485910205,CA-TPD
4,P_F,winter,158.81933333333333,CA-TPD
5,P_F,spring,241.215,CA-TPD
6,P_F,summer,267.72866666666664,CA-TPD
7,P_F,fall,253.04866666666666,CA-TPD
8,TA_F,winter,-1.3294000407000406,CA-TPD
9,TA_F,spring,14.423571428571428,CA-TPD
10,TA_F,summer,20.048047101449274,CA-TPD
11,TA_F,fall,5.360663043478262,CA-TPD
0,ET,winter,67.82808998455977,CH-Oe1
1,ET,spring,248.92419106705543,CH-Oe1
2,ET,summer,241.12052946472303,CH-Oe1
3,ET,fall,57.97749416687581,CH-Oe1
4,P_F,winter,308.67171428571424,CH-Oe1
5,P_F,spring,257.91242857142856,CH-Oe1
6,P_F,summer,358.2787142857143,CH-Oe1
7,P_F,fall,297.1691428571429,CH-Oe1
8,TA_F,winter,2.0141792953078665,CH-Oe1
9,TA_F,spring,13.463244897959184,CH-Oe1
10,TA_F,summer,16.773596273291925,CH-Oe1
11,TA_F,fall,4.746329192546583,CH-Oe1
0,ET,winter,51.039566243265305,US-ARb
1,ET,spring,259.04673168979593,US-ARb
2,ET,summer,276.5702174693878,US-ARb
3,ET,fall,69.92508373420408,US-ARb
4,P_F,winter,122.13300000000001,US-ARb
5,P_F,spring,228.0,US-ARb
6,P_F,summer,234.55,US-ARb
7,P_F,fall,125.9485,US-ARb
8,TA_F,winter,7.362622222222222,US-ARb
9,TA_F,spring,20.968005494505494,US-ARb
10,TA_F,summer,25.67820108695652,US-ARb
11,TA_F,fall,10.080108695652175,US-ARb
0,ET,winter,27.921181212081247,RU-Fyo
1,ET,spring,162.45892742285906,RU-Fyo
2,ET,summer,179.70143804655774,RU-Fyo
3,ET,fall,14.161764231043994,RU-Fyo
4,P_F,winter,80.15064705882354,RU-Fyo
5,P_F,spring,157.5672352941176,RU-Fyo
6,P_F,summer,201.6179411764706,RU-Fyo
7,P_F,fall,129.43647058823527,RU-Fyo
8,TA_F,winter,-5.439405221575809,RU-Fyo
9,TA_F,spring,11.277667097608273,RU-Fyo
10,TA_F,summer,15.242427109974425,RU-Fyo
11,TA_F,fall,-0.5566182864450129,RU-Fyo
0,ET,winter,213.5191762285714,PA-SPs
1,ET,spring,204.89164604081634,PA-SPs
2,ET,summer,229.3701437387755,PA-SPs
3,ET,fall,246.81821583673468,PA-SPs
4,P_F,winter,56.50666666666667,PA-SPs
5,P_F,spring,690.2313333333333,PA-SPs
6,P_F,summer,751.3286666666667,PA-SPs
7,P_F,fall,820.832,PA-SPs
8,TA_F,winter,25.227882905982906,PA-SPs
9,TA_F,spring,25.58075457875458,PA-SPs
10,TA_F,summer,25.320746376811595,PA-SPs
11,TA_F,fall,24.970463768115945,PA-SPs
0,ET,winter,120.04917946089796,US-AR1
1,ET,spring,244.13765613061224,US-AR1
2,ET,summer,166.68372513306122,US-AR1
3,ET,fall,62.795265296326534,US-AR1
4,P_F,winter,85.223,US-AR1
5,P_F,spring,171.84224999999998,US-AR1
6,P_F,summer,148.4425,US-AR1
7,P_F,fall,103.05225,US-AR1
8,TA_F,winter,5.396775976800976,US-AR1
9,TA_F,spring,20.727714285714285,US-AR1
10,TA_F,summer,26.115782608695653,US-AR1
11,TA_F,fall,8.684195652173912,US-AR1
0,ET,winter,105.27163847706123,RU-Ha1
1,ET,spring,178.89173603265306,RU-Ha1
2,ET,summer,168.19297684897958,RU-Ha1
3,ET,fall,24.076897644577958,RU-Ha1
4,P_F,winter,31.328666666666667,RU-Ha1
5,P_F,spring,160.30733333333333,RU-Ha1
6,P_F,summer,168.11966666666666,RU-Ha1
7,P_F,fall,23.919666666666668,RU-Ha1
8,TA_F,winter,-9.181465323565325,RU-Ha1
9,TA_F,spring,9.814619047619047,RU-Ha1
10,TA_F,summer,14.448996376811595,RU-Ha1
11,TA_F,fall,-7.036630434782609,RU-Ha1
0,ET,winter,44.867254226351015,CH-Dav
1,ET,spring,158.35463912600815,CH-Dav
2,ET,summer,179.1536401097143,CH-Dav
3,ET,fall,67.62101387128163,CH-Dav
4,P_F,winter,108.815,CH-Dav
5,P_F,spring,230.88055555555553,CH-Dav
6,P_F,summer,340.59055555555557,CH-Dav
7,P_F,fall,161.3683333333333,CH-Dav
8,TA_F,winter,-2.697389811423145,CH-Dav
9,TA_F,spring,6.001125152625152,CH-Dav
10,TA_F,summer,10.0191056763285,CH-Dav
11,TA_F,fall,0.6537047101449276,CH-Dav
0,ET,winter,41.143298834938776,CN-Cng
1,ET,spring,151.7939056653061,CN-Cng
2,ET,summer,208.66920377142856,CN-Cng
3,ET,fall,36.69749568734694,CN-Cng
4,P_F,winter,8.8645,CN-Cng
5,P_F,spring,102.258,CN-Cng
6,P_F,summer,155.375,CN-Cng
7,P_F,fall,22.713250000000002,CN-Cng
8,TA_F,winter,-8.661710989010988,CN-Cng
9,TA_F,spring,15.692241758241757,CN-Cng
10,TA_F,summer,21.02738315217391,CN-Cng
11,TA_F,fall,-3.408725543478261,CN-Cng
0,ET,winter,32.51882392018587,CA-TP4
1,ET,spring,142.3787630605895,CA-TP4
2,ET,summer,206.22489597347567,CA-TP4
3,ET,fall,53.57948211538587,CA-TP4
4,P_F,winter,262.9864615384615,CA-TP4
5,P_F,spring,287.7515384615385,CA-TP4
6,P_F,summer,261.65000000000003,CA-TP4
7,P_F,fall,295.3727692307692,CA-TP4
8,TA_F,winter,-2.6050132243824553,CA-TP4
9,TA_F,spring,13.055873203719358,CA-TP4
10,TA_F,summer,19.22933946488294,CA-TP4
11,TA_F,fall,4.316039297658863,CA-TP4
0,ET,winter,98.80850950530612,US-AR2
1,ET,spring,170.02559346612244,US-AR2
2,ET,summer,108.53627316244896,US-AR2
3,ET,fall,58.857839797224486,US-AR2
4,P_F,winter,72.99175,US-AR2
5,P_F,spring,156.18325,US-AR2
6,P_F,summer,80.4465,US-AR2
7,P_F,fall,102.29125,US-AR2
8,TA_F,winter,5.143895115995116,US-AR2
9,TA_F,spring,20.685859890109892,US-AR2
10,TA_F,summer,26.22434510869565,US-AR2
11,TA_F,fall,8.384271739130435,US-AR2
0,ET,winter,26.329322919967346,IT-Isp
1,ET,spring,207.29730218253061,IT-Isp
2,ET,summer,259.4721705443265,IT-Isp
3,ET,fall,29.011868293224488,IT-Isp
4,P_F,winter,269.625,IT-Isp
5,P_F,spring,517.755,IT-Isp
6,P_F,summer,454.455,IT-Isp
7,P_F,fall,759.2280000000001,IT-Isp
8,TA_F,winter,6.160738888888888,IT-Isp
9,TA_F,spring,16.467763736263738,IT-Isp
10,TA_F,summer,20.869472826086955,IT-Isp
11,TA_F,fall,9.84683152173913,IT-Isp
0,ET,winter,121.35800083591839,AU-Emr
1,ET,spring,77.92945414530612,AU-Emr
2,ET,summer,85.42915623183673,AU-Emr
3,ET,fall,116.37407255510203,AU-Emr
4,P_F,winter,316.3503333333333,AU-Emr
5,P_F,spring,84.23266666666666,AU-Emr
6,P_F,summer,44.6,AU-Emr
7,P_F,fall,215.33333333333334,AU-Emr
8,TA_F,winter,25.843038176638178,AU-Emr
9,TA_F,spring,17.704230769230772,AU-Emr
10,TA_F,summer,17.412152173913046,AU-Emr
11,TA_F,fall,25.356271739130435,AU-Emr
0,ET,winter,35.16667659089633,US-UMd
1,ET,spring,152.67160986156733,US-UMd
2,ET,summer,227.0559349660408,US-UMd
3,ET,fall,31.556123896555103,US-UMd
4,P_F,winter,139.3855,US-UMd
5,P_F,spring,191.94287500000002,US-UMd
6,P_F,summer,157.14524999999998,US-UMd
7,P_F,fall,229.03325,US-UMd
8,TA_F,winter,-4.448933562271062,US-UMd
9,TA_F,spring,11.733324175824176,US-UMd
10,TA_F,summer,18.312520380434783,US-UMd
11,TA_F,fall,2.781896739130435,US-UMd
0,ET,winter,152.12182099591837,US-KS1
1,ET,spring,206.07948475258775,US-KS1
2,ET,summer,263.0664916897959,US-KS1
3,ET,fall,159.67585763265305,US-KS1
4,P_F,winter,114.8,US-KS1
5,P_F,spring,304.011,US-KS1
6,P_F,summer,428.98900000000003,US-KS1
7,P_F,fall,338.0,US-KS1
8,TA_F,winter,18.43563333333333,US-KS1
9,TA_F,spring,25.66973626373626,US-KS1
10,TA_F,summer,27.83707608695652,US-KS1
11,TA_F,fall,20.899358695652175,US-KS1
0,ET,winter,51.0771763127902,US-Sta
1,ET,spring,143.24185469387754,US-Sta
2,ET,summer,107.00570153534693,US-Sta
3,ET,fall,43.16309796048979,US-Sta
4,P_F,winter,138.9136,US-Sta
5,P_F,spring,146.997,US-Sta
6,P_F,summer,77.31280000000001,US-Sta
7,P_F,fall,144.549,US-Sta
8,TA_F,winter,-3.5910795360195364,US-Sta
9,TA_F,spring,9.742934065934065,US-Sta
10,TA_F,summer,16.887541304347828,US-Sta
11,TA_F,fall,-0.12030434782608693,US-Sta
0,ET,winter,26.268307861644313,DE-Obe
1,ET,spring,150.81628428180525,DE-Obe
2,ET,summer,169.59293934708805,DE-Obe
3,ET,fall,25.79923401011685,DE-Obe
4,P_F,winter,213.1645714285714,DE-Obe
5,P_F,spring,267.91957142857143,DE-Obe
6,P_F,summer,324.76057142857144,DE-Obe
7,P_F,fall,240.52414285714286,DE-Obe
8,TA_F,winter,-1.3055021280306995,DE-Obe
9,TA_F,spring,10.160637362637361,DE-Obe
10,TA_F,summer,14.208737577639752,DE-Obe
11,TA_F,fall,2.786458074534162,DE-Obe
0,ET,winter,30.99591878251514,BE-Vie
1,ET,spring,140.30500212455664,BE-Vie
2,ET,summer,157.1948031209452,BE-Vie
3,ET,fall,19.732953226571347,BE-Vie
4,P_F,winter,243.44047368421047,BE-Vie
5,P_F,spring,207.15800000000002,BE-Vie
6,P_F,summer,253.06805263157898,BE-Vie
7,P_F,fall,248.25315789473686,BE-Vie
8,TA_F,winter,2.0503082128397914,BE-Vie
9,TA_F,spring,11.257410641989589,BE-Vie
10,TA_F,summer,14.718774027459954,BE-Vie
11,TA_F,fall,4.890000572082379,BE-Vie
0,ET,winter,79.39352619090167,CH-Lae
1,ET,spring,272.21706250330243,CH-Lae
2,ET,summer,344.87360445506494,CH-Lae
3,ET,fall,99.33160100927644,CH-Lae
4,P_F,winter,228.74400000000003,CH-Lae
5,P_F,spring,308.0639090909091,CH-Lae
6,P_F,summer,384.3320909090908,CH-Lae
7,P_F,fall,254.02018181818184,CH-Lae
8,TA_F,winter,0.363002331002331,CH-Lae
9,TA_F,spring,11.587014985014983,CH-Lae
10,TA_F,summer,15.231994071146248,CH-Lae
11,TA_F,fall,3.7598507905138345,CH-Lae
0,ET,winter,134.96080455183673,US-KS2
1,ET,spring,276.7593532408163,US-KS2
2,ET,summer,319.42382082612244,US-KS2
3,ET,fall,174.73504684408164,US-KS2
4,P_F,winter,152.84449999999998,US-KS2
5,P_F,spring,283.99350000000004,US-KS2
6,P_F,summer,509.27599999999995,US-KS2
7,P_F,fall,200.29424999999998,US-KS2
8,TA_F,winter,16.826764743589745,US-KS2
9,TA_F,spring,23.6050989010989,US-KS2
10,TA_F,summer,26.584192934782607,US-KS2
11,TA_F,fall,20.085904891304345,US-KS2
0,ET,winter,346.8699633038961,GF-Guy
1,ET,spring,340.4345604512059,GF-Guy
2,ET,summer,378.4269605877551,GF-Guy
3,ET,fall,341.8996200846011,GF-Guy
4,P_F,winter,965.3760000000001,GF-Guy
5,P_F,spring,1344.909090909091,GF-Guy
6,P_F,summer,329.00727272727266,GF-Guy
7,P_F,fall,471.20000000000005,GF-Guy
8,TA_F,winter,25.262317649017653,GF-Guy
9,TA_F,spring,25.344273726273727,GF-Guy
10,TA_F,summer,25.86576086956522,GF-Guy
11,TA_F,fall,25.973053359683796,GF-Guy
0,ET,winter,69.94905067102042,CN-Qia
1,ET,spring,213.57125133061223,CN-Qia
2,ET,summer,259.6415553697959,CN-Qia
3,ET,fall,85.91525685551021,CN-Qia
4,P_F,winter,251.0,CN-Qia
5,P_F,spring,547.51,CN-Qia
6,P_F,summer,275.3996666666667,CN-Qia
7,P_F,fall,95.98333333333333,CN-Qia
8,TA_F,winter,8.584088319088318,CN-Qia
9,TA_F,spring,22.98175091575092,CN-Qia
10,TA_F,summer,27.450025362318843,CN-Qia
11,TA_F,fall,13.829489130434782,CN-Qia
0,ET,winter,84.5264607604898,IT-Lav
1,ET,spring,202.88765687510204,IT-Lav
2,ET,summer,231.69494527346941,IT-Lav
3,ET,fall,89.47119065436733,IT-Lav
4,P_F,winter,177.03175,IT-Lav
5,P_F,spring,355.28950000000003,IT-Lav
6,P_F,summer,394.2295,IT-Lav
7,P_F,fall,356.8426666666667,IT-Lav
8,TA_F,winter,0.12282909035409044,IT-Lav
9,TA_F,spring,9.788502747252748,IT-Lav
10,TA_F,summer,14.311269927536232,IT-Lav
11,TA_F,fall,3.7676385869565223,IT-Lav
0,ET,winter,96.02511329828573,CH-Cha
1,ET,spring,290.8258699650612,CH-Cha
2,ET,summer,299.4200160391837,CH-Cha
3,ET,fall,66.65117864267756,CH-Cha
4,P_F,winter,167.816,CH-Cha
5,P_F,spring,349.2348,CH-Cha
6,P_F,summer,401.43389999999994,CH-Cha
7,P_F,fall,217.30710000000005,CH-Cha
8,TA_F,winter,1.8408196703296702,CH-Cha
9,TA_F,spring,13.582797802197803,CH-Cha
10,TA_F,summer,17.079944565217396,CH-Cha
11,TA_F,fall,5.322686956521738,CH-Cha
0,ET,winter,79.96090294726531,CN-Din
1,ET,spring,158.81024953469387,CN-Din
2,ET,summer,225.70836468244897,CN-Din
3,ET,fall,163.96262772244899,CN-Din
4,P_F,winter,152.533,CN-Din
5,P_F,spring,540.2396666666667,CN-Din
6,P_F,summer,660.3456666666667,CN-Din
7,P_F,fall,20.420666666666666,CN-Din
8,TA_F,winter,13.474628897028898,CN-Din
9,TA_F,spring,23.518564102564103,CN-Din
10,TA_F,summer,26.282152173913044,CN-Din
11,TA_F,fall,18.349844202898552,CN-Din
0,ET,winter,32.42133510817959,US-Oho
1,ET,spring,196.2074918791837,US-Oho
2,ET,summer,326.5343565648979,US-Oho
3,ET,fall,66.44673608150204,US-Oho
4,P_F,winter,140.4059,US-Oho
5,P_F,spring,250.56000000000003,US-Oho
6,P_F,summer,251.17849999999999,US-Oho
7,P_F,fall,192.26889999999997,US-Oho
8,TA_F,winter,-0.3569423931623933,US-Oho
9,TA_F,spring,15.988465934065934,US-Oho
10,TA_F,summer,20.80715652173913,US-Oho
11,TA_F,fall,5.475017391304348,US-Oho
0,ET,winter,169.8300490187755,SN-Dhr
1,ET,spring,237.6798082089796,SN-Dhr
2,ET,summer,342.2991664653061,SN-Dhr
3,ET,fall,131.80370914285714,SN-Dhr
4,P_F,winter,1.1170000000000002,SN-Dhr
5,P_F,spring,2.7015,SN-Dhr
6,P_F,summer,246.0285,SN-Dhr
7,P_F,fall,26.054000000000002,SN-Dhr
8,TA_F,winter,27.5867202991453,SN-Dhr
9,TA_F,spring,29.57261263736264,SN-Dhr
10,TA_F,summer,28.31841576086957,SN-Dhr
11,TA_F,fall,27.76127445652174,SN-Dhr
0,ET,winter,152.9748534857143,AU-Whr
1,ET,spring,109.63049169306123,AU-Whr
2,ET,summer,123.8095226057143,AU-Whr
3,ET,fall,168.90663614693878,AU-Whr
4,P_F,winter,106.61399999999999,AU-Whr
5,P_F,spring,96.16325,AU-Whr
6,P_F,summer,118.00899999999999,AU-Whr
7,P_F,fall,68.23325,AU-Whr
8,TA_F,winter,21.389619963369963,AU-Whr
9,TA_F,spring,12.654662087912088,AU-Whr
10,TA_F,summer,10.826923913043478,AU-Whr
11,TA_F,fall,17.970269021739128,AU-Whr
0,ET,winter,46.77415247860058,US-SRC
1,ET,spring,38.10790506542274,US-SRC
2,ET,summer,102.29224097828572,US-SRC
3,ET,fall,30.300819483988334,US-SRC
4,P_F,winter,50.588428571428565,US-SRC
5,P_F,spring,16.686714285714285,US-SRC
6,P_F,summer,205.27,US-SRC
7,P_F,fall,45.01757142857143,US-SRC
8,TA_F,winter,12.376663247863247,US-SRC
9,TA_F,spring,23.90935949764521,US-SRC
10,TA_F,summer,27.227239130434786,US-SRC
11,TA_F,fall,15.150986024844721,US-SRC
0,ET,winter,38.19344640659265,CA-NS7
1,ET,spring,104.52892972408164,CA-NS7
2,ET,summer,135.3745328032653,CA-NS7
3,ET,fall,12.250777418184489,CA-NS7
4,P_F,winter,16.220499999999998,CA-NS7
5,P_F,spring,82.027,CA-NS7
6,P_F,summer,167.81775,CA-NS7
7,P_F,fall,36.04725,CA-NS7
8,TA_F,winter,-19.048063217338218,CA-NS7
9,TA_F,spring,6.339252747252748,CA-NS7
10,TA_F,summer,14.63488858695652,CA-NS7
11,TA_F,fall,-8.87426902173913,CA-NS7
0,ET,winter,8.42167189573773,CA-Oas
1,ET,spring,118.39696981890613,CA-Oas
2,ET,summer,224.4350252747755,CA-Oas
3,ET,fall,11.428397191296,CA-Oas
4,P_F,winter,49.965066666666665,CA-Oas
5,P_F,spring,151.399,CA-Oas
6,P_F,summer,200.08599999999998,CA-Oas
7,P_F,fall,74.15180000000001,CA-Oas
8,TA_F,winter,-11.329429035409033,CA-Oas
9,TA_F,spring,8.94564249084249,CA-Oas
10,TA_F,summer,14.649347826086956,CA-Oas
11,TA_F,fall,-5.230828985507246,CA-Oas
0,ET,winter,91.86754975141224,CA-SF1
1,ET,spring,193.04435896163267,CA-SF1
2,ET,summer,234.57357180734692,CA-SF1
3,ET,fall,33.635583556897956,CA-SF1
4,P_F,winter,45.570249999999994,CA-SF1
5,P_F,spring,153.603,CA-SF1
6,P_F,summer,207.94275,CA-SF1
7,P_F,fall,40.7185,CA-SF1
8,TA_F,winter,-13.392050122100123,CA-SF1
9,TA_F,spring,7.580332417582417,CA-SF1
10,TA_F,summer,12.281222826086957,CA-SF1
11,TA_F,fall,-6.884250000000001,CA-SF1
0,ET,winter,84.69226379503206,US-Ton
1,ET,spring,188.80218571381923,US-Ton
2,ET,summer,57.68848415776093,US-Ton
3,ET,fall,39.565801057959185,US-Ton
4,P_F,winter,245.6797857142857,US-Ton
5,P_F,spring,88.63671428571426,US-Ton
6,P_F,summer,5.058999999999999,US-Ton
7,P_F,fall,206.32442857142854,US-Ton
8,TA_F,winter,10.337142918192919,US-Ton
9,TA_F,spring,18.235591836734695,US-Ton
10,TA_F,summer,23.932587732919252,US-Ton
11,TA_F,fall,13.00129891304348,US-Ton
0,ET,winter,11.693149533454628,CA-NS6
1,ET,spring,75.52583283644081,CA-NS6
2,ET,summer,97.66270828799999,CA-NS6
3,ET,fall,18.310405716551312,CA-NS6
4,P_F,winter,17.0914,CA-NS6
5,P_F,spring,74.66,CA-NS6
6,P_F,summer,136.44199999999998,CA-NS6
7,P_F,fall,26.54,CA-NS6
8,TA_F,winter,-17.167623614163613,CA-NS6
9,TA_F,spring,7.533600000000002,CA-NS6
10,TA_F,summer,15.579282608695653,CA-NS6
11,TA_F,fall,-7.7848369565217395,CA-NS6
0,ET,winter,141.13200375771427,CN-Du3
1,ET,spring,221.6638886987755,CN-Du3
2,ET,summer,233.43644218775512,CN-Du3
3,ET,fall,152.69269101061224,CN-Du3
4,P_F,winter,17.5255,CN-Du3
5,P_F,spring,162.378,CN-Du3
6,P_F,summer,265.2895,CN-Du3
7,P_F,fall,56.87350000000001,CN-Du3
8,TA_F,winter,-11.395422222222223,CN-Du3
9,TA_F,spring,10.296807692307691,CN-Du3
10,TA_F,summer,16.620472826086957,CN-Du3
11,TA_F,fall,-6.4599021739130436,CN-Du3
0,ET,winter,102.58677943640818,US-Var
1,ET,spring,135.8367662559791,US-Var
2,ET,summer,15.612667774495348,US-Var
3,ET,fall,44.26578992953469,US-Var
4,P_F,winter,261.39306666666664,US-Var
5,P_F,spring,89.16359999999999,US-Var
6,P_F,summer,6.191599999999999,US-Var
7,P_F,fall,215.5617333333333,US-Var
8,TA_F,winter,9.88729741961742,US-Var
9,TA_F,spring,17.781142857142857,US-Var
10,TA_F,summer,23.40593115942029,US-Var
11,TA_F,fall,12.157255797101447,US-Var
0,ET,winter,332.2412997439067,AU-How
1,ET,spring,263.05068603148686,AU-How
2,ET,summer,177.95014429854228,AU-How
3,ET,fall,305.29175142437316,AU-How
4,P_F,winter,1092.2020000000002,AU-How
5,P_F,spring,114.13707142857143,AU-How
6,P_F,summer,18.09757142857143,AU-How
7,P_F,fall,490.9657142857142,AU-How
8,TA_F,winter,27.245836045700337,AU-How
9,TA_F,spring,25.78414678178964,AU-How
10,TA_F,summer,25.518265527950312,AU-How
11,TA_F,fall,28.381854813664596,AU-How
0,ET,winter,5.558110493377958,CA-NS4
1,ET,spring,51.643780133877556,CA-NS4
2,ET,summer,63.29687171951021,CA-NS4
3,ET,fall,12.323957494540409,CA-NS4
4,P_F,winter,21.1855,CA-NS4
5,P_F,spring,82.39824999999999,CA-NS4
6,P_F,summer,140.262,CA-NS4
7,P_F,fall,30.872749999999996,CA-NS4
8,TA_F,winter,-18.065128907203906,CA-NS4
9,TA_F,spring,7.012760989010989,CA-NS4
10,TA_F,summer,14.149467391304347,CA-NS4
11,TA_F,fall,-8.961491847826087,CA-NS4
0,ET,winter,130.41730259147755,JP-SMF
1,ET,spring,230.14431886628572,JP-SMF
2,ET,summer,297.18443261387756,JP-SMF
3,ET,fall,148.07068368979589,JP-SMF
4,P_F,winter,243.26,JP-SMF
5,P_F,spring,402.9658,JP-SMF
6,P_F,summer,557.4950000000001,JP-SMF
7,P_F,fall,330.3056,JP-SMF
8,TA_F,winter,4.88913894993895,JP-SMF
9,TA_F,spring,17.74238901098901,JP-SMF
10,TA_F,summer,24.598454347826088,JP-SMF
11,TA_F,fall,11.435197826086958,JP-SMF
0,ET,winter,15.352306361338776,CA-SF3
1,ET,spring,140.2327231582041,CA-SF3
2,ET,summer,174.00059924767348,CA-SF3
3,ET,fall,29.603908742400005,CA-SF3
4,P_F,winter,43.32750000000001,CA-SF3
5,P_F,spring,120.04033333333332,CA-SF3
6,P_F,summer,164.74683333333334,CA-SF3
7,P_F,fall,25.33566666666667,CA-SF3
8,TA_F,winter,-12.056330809930811,CA-SF3
9,TA_F,spring,8.430675824175824,CA-SF3
10,TA_F,summer,13.821735507246375,CA-SF3
11,TA_F,fall,-5.683067028985508,CA-SF3
0,ET,winter,42.10601327561855,US-Wkg
1,ET,spring,39.32606507715918,US-Wkg
2,ET,summer,156.90989290999926,US-Wkg
3,ET,fall,36.087605197073096,US-Wkg
4,P_F,winter,37.91227272727273,US-Wkg
5,P_F,spring,15.567545454545451,US-Wkg
6,P_F,summer,208.29309090909092,US-Wkg
7,P_F,fall,30.607363636363633,US-Wkg
8,TA_F,winter,10.632499444999446,US-Wkg
9,TA_F,spring,21.179744255744257,US-Wkg
10,TA_F,summer,23.736249011857705,US-Wkg
11,TA_F,fall,13.51931422924901,US-Wkg
0,ET,winter,124.21714246530613,AU-Gin
1,ET,spring,117.18920248163265,AU-Gin
2,ET,summer,146.06221985632652,AU-Gin
3,ET,fall,200.81352489795918,AU-Gin
4,P_F,winter,49.07725,AU-Gin
5,P_F,spring,204.4685,AU-Gin
6,P_F,summer,269.73499999999996,AU-Gin
7,P_F,fall,96.83,AU-Gin
8,TA_F,winter,24.95871291208791,AU-Gin
9,TA_F,spring,17.09718131868132,AU-Gin
10,TA_F,summer,14.526500000000002,AU-Gin
11,TA_F,fall,20.32951902173913,AU-Gin
0,ET,winter,268.27540662857143,AU-RDF
1,ET,spring,127.17592128,AU-RDF
2,ET,summer,93.3856548832653,AU-RDF
3,ET,fall,162.2841322187755,AU-RDF
4,P_F,winter,935.073,AU-RDF
5,P_F,spring,111.452,AU-RDF
6,P_F,summer,0.843,AU-RDF
7,P_F,fall,382.9286666666667,AU-RDF
8,TA_F,winter,27.247095075295075,AU-RDF
9,TA_F,spring,23.57258608058608,AU-RDF
10,TA_F,summer,24.717221014492754,AU-RDF
11,TA_F,fall,29.37251811594203,AU-RDF
0,ET,winter,83.63672009021387,CA-SF2
1,ET,spring,179.53021870236734,CA-SF2
2,ET,summer,240.54096981159182,CA-SF2
3,ET,fall,19.997531036081632,CA-SF2
4,P_F,winter,37.525800000000004,CA-SF2
5,P_F,spring,67.3814,CA-SF2
6,P_F,summer,147.7742,CA-SF2
7,P_F,fall,33.549,CA-SF2
8,TA_F,winter,-13.598686715506712,CA-SF2
9,TA_F,spring,7.535334065934066,CA-SF2
10,TA_F,summer,13.175569565217392,CA-SF2
11,TA_F,fall,-6.505604347826088,CA-SF2
0,ET,winter,17.10191281092019,DE-Hai
1,ET,spring,136.84143629342543,DE-Hai
2,ET,summer,152.23888201511585,DE-Hai
3,ET,fall,13.205596127125899,DE-Hai
4,P_F,winter,170.44323076923075,DE-Hai
5,P_F,spring,183.7930769230769,DE-Hai
6,P_F,summer,226.96330769230764,DE-Hai
7,P_F,fall,180.27715384615382,DE-Hai
8,TA_F,winter,1.0890382173382174,DE-Hai
9,TA_F,spring,12.151770921386307,DE-Hai
10,TA_F,summer,15.742858695652176,DE-Hai
11,TA_F,fall,4.25822491638796,DE-Hai
0,ET,winter,63.11362854694687,CA-NS1
1,ET,spring,112.945601664,CA-NS1
2,ET,summer,130.13426247575512,CA-NS1
3,ET,fall,48.34596556515997,CA-NS1
4,P_F,winter,29.7378,CA-NS1
5,P_F,spring,87.1154,CA-NS1
6,P_F,summer,134.23359999999997,CA-NS1
7,P_F,fall,32.989,CA-NS1
8,TA_F,winter,-15.73842004884005,CA-NS1
9,TA_F,spring,9.05409010989011,CA-NS1
10,TA_F,summer,17.068723913043478,CA-NS1
11,TA_F,fall,-6.887110869565217,CA-NS1
0,ET,winter,39.39791395836837,DE-Tha
1,ET,spring,150.7452439167725,DE-Tha
2,ET,summer,164.28083058746296,DE-Tha
3,ET,fall,43.26751727589808,DE-Tha
4,P_F,winter,181.32689473684212,DE-Tha
5,P_F,spring,200.51194736842103,DE-Tha
6,P_F,summer,267.0737368421053,DE-Tha
7,P_F,fall,193.12484210526316,DE-Tha
8,TA_F,winter,1.2181864982970245,DE-Tha
9,TA_F,spring,12.551416425679582,DE-Tha
10,TA_F,summer,16.450573798627005,DE-Tha
11,TA_F,fall,4.749259153318078,DE-Tha
0,ET,winter,14.76075054798367,CN-Sw2
1,ET,spring,37.5789312,CN-Sw2
2,ET,summer,54.29558051265307,CN-Sw2
3,ET,fall,18.99492117707755,CN-Sw2
4,P_F,winter,12.216333333333333,CN-Sw2
5,P_F,spring,70.75166666666667,CN-Sw2
6,P_F,summer,166.18066666666667,CN-Sw2
7,P_F,fall,31.528666666666666,CN-Sw2
8,TA_F,winter,-12.940999755799757,CN-Sw2
9,TA_F,spring,11.184747252747252,CN-Sw2
10,TA_F,summer,17.039188405797102,CN-Sw2
11,TA_F,fall,-5.880992753623187,CN-Sw2
0,ET,winter,127.82660279510203,AU-Rig
1,ET,spring,85.72467335510204,AU-Rig
2,ET,summer,127.96036762775509,AU-Rig
3,ET,fall,127.59719244479999,AU-Rig
4,P_F,winter,134.4,AU-Rig
5,P_F,spring,120.96950000000001,AU-Rig
6,P_F,summer,110.69624999999999,AU-Rig
7,P_F,fall,78.9225,AU-Rig
8,TA_F,winter,21.99313528693529,AU-Rig
9,TA_F,spring,11.984722527472526,AU-Rig
10,TA_F,summer,10.199733695652174,AU-Rig
11,TA_F,fall,18.20391304347826,AU-Rig
0,ET,winter,31.52284901551542,CA-NS3
1,ET,spring,106.32680475428572,CA-NS3
2,ET,summer,126.36475846765714,CA-NS3
3,ET,fall,14.324798889004407,CA-NS3
4,P_F,winter,22.550199999999997,CA-NS3
5,P_F,spring,65.1212,CA-NS3
6,P_F,summer,78.2386,CA-NS3
7,P_F,fall,31.3762,CA-NS3
8,TA_F,winter,-18.03400647130647,CA-NS3
9,TA_F,spring,5.596498901098902,CA-NS3
10,TA_F,summer,12.952308695652174,CA-NS3
11,TA_F,fall,-9.34768695652174,CA-NS3
0,ET,winter,67.28318188520117,US-SRG
1,ET,spring,60.0510764949271,US-SRG
2,ET,summer,213.21871996827988,US-SRG
3,ET,fall,49.856511111743444,US-SRG
4,P_F,winter,64.63242857142858,US-SRG
5,P_F,spring,26.34342857142857,US-SRG
6,P_F,summer,235.55728571428568,US-SRG
7,P_F,fall,61.10485714285714,US-SRG
8,TA_F,winter,12.141121681493109,US-SRG
9,TA_F,spring,22.456259026687597,US-SRG
10,TA_F,summer,25.48072826086957,US-SRG
11,TA_F,fall,14.900343167701864,US-SRG
