,SITE_ID,IGBP,LOCATION_LAT,LOCATION_LONG,SITE_NAME,COUNTRY,MAP,LOCATION_ELEV,SITE_SNOW_COVER_DAYS,SITE_DESC,FLUX_MEASUREMENTS_DATE_START,FLUX_MEASUREMENTS_DATE_END
0,AR-SLu,MF,-33.4648,-66.4598,San Luis,Argentina,400,,,,,
1,AR-Vir,ENF,-28.2395,-56.1886,Virasoro,Argentina,,,,,,
2,AT-Neu,GRA,47.11667,11.3175,Neustift,Austria,852,970,100,Managed grassland which is harvested 3-4 times per year,2010-01-01 00:00:00,2008-01-01 00:00:00
3,AU-Ade,WSA,-13.0769,131.1178,Adelaide River,Australia,,,,,,
4,AU-ASM,SAV,-22.2830,133.2490,Alice Springs,Australia,,,,,,
5,AU-Cpr,SAV,-34.0021,140.5891,Calperum,Australia,,,,,,
6,AU-Cum,EBF,-33.61518,150.72362,Cumberland Plain,Australia,,,,,,
7,AU-DaP,GRA,-14.0633,131.3181,Daly River Savanna,Australia,,,,,,
8,AU-DaS,SAV,-14.1593,131.3881,Daly River Cleared,Australia,,,,,,
9,AU-Dry,SAV,-15.2588,132.3706,Dry River,Australia,,,,,,
10,AU-Emr,GRA,-23.8587,148.4746,Emerald,Australia,,,,,,
12,AU-Gin,WSA,-31.3764,115.7138,Gingin,Australia,,,,,,
13,AU-GWW,SAV,-30.1913,120.6541,"Great Western Woodlands, Western Australia, Australia",Australia,,,,,,
14,AU-How,WSA,-12.4943,131.1523,Howard Springs,Australia,,,,,,
15,AU-Lox,DBF,-34.4704,140.6551,Loxton,Australia,,,,,,
16,AU-RDF,WSA,-14.5636,132.4776,"Red Dirt Melon Farm, Northern Territory",Australia,,,,,,
17,AU-Rig,GRA,-36.6499,145.5759,Riggs Creek,Australia,,,,,,
18,AU-Rob,EBF,-17.1175,145.6301,"Robson Creek, Queensland, Australia",Australia,,,,,,
19,AU-Stp,GRA,-17.1507,133.3502,Sturt Plains,Australia,,,,,,
20,AU-TTE,GRA,-22.2870,133.6400,Ti Tree East,Australia,,,,,,
21,AU-Tum,EBF,-35.6566,148.1517,Tumbarumba,Australia,,1200,,,,
22,AU-Wac,EBF,-37.4259,145.1878,Wallaby Creek,Australia,,,,,,
23,AU-Whr,EBF,-36.6732,145.0294,Whroo,Australia,,,,,,
24,AU-Wom,EBF,-37.4222,144.0944,Wombat,Australia,,705,,,,
25,AU-Ync,GRA,-34.9893,146.2907,Jaxa,Australia,,,,,,
26,BE-Bra,MF,51.30761,4.51984,Brasschaat,Belgium,750,16,,,,
28,BE-Vie,MF,50.30493,5.99812,Vielsalm,Belgium,1062,493,30,"1882, the stand was sparsely planted with Scots pine.
1908, beeches were planted in the undercover, four 100m² circular plots of silver fir were planted.
1935, Douglas fir were planted
1950,1960,1961, plantation of Douglas fir to fill the gaps.
The initial Scots pine stand was removed by successive thinings.",1996-08-01 01:00:00,2009-01-01 00:00:00
29,BR-Sa1,EBF,-2.85667,-54.9588900,Santarem-Km67-Primary Forest,Brazil,2074.79,88,,"The LBA Tapajos KM67 Mature Forest site is located in the Tapajos National Forest, a 450,000 ha closed-canopy upland forest in Amazonian Brazil. Bounded by the Tapajos River in the west and highway BR-163 to the east, the tower is located on a flat plateau (or planalto) that extends up to 150 km to the north, south, and east. Within the confines of the National Forest, anthropogenic disturbances are limited to a few small hunting trails. The surrounding stand is classified as primary or ""old-growth"""" predominantly by its uneven age distribution,  emergent trees,  numerous epiphytes and abundant large logs. In 2007 falling trees hit the tower guy wires rendering all instrumentation in-operational. After a complete restoration tower measurements resumed in August of 2008.",2002-01-01 00:00:00,
30,BR-Sa3,EBF,-3.01803,-54.9714400,Santarem-Km83-Logged Forest,Brazil,2043.77,100,,Cleared forest. Logged site is near km 83 along BR-183.,2000-01-01 00:00:00,2003-01-01 00:00:00
31,CA-Gro,MF,48.2167,-82.1556,"Ontario - Groundhog River, Boreal Mixedwood Forest",Canada,831,340,,"Groundhog River (FCRN or CCP site ""ON-OMW"") is situated in a typical boreal mixedwood forest in northeastern Ontario (48.217 degrees north and 82.156 degrees west) about 80 km southwest of Timmins in Reeves Twp. near the Groundhog River. Rowe (1972) places the site in the Missinaibi-Cabonga Section of the Boreal Forest Region. In terms of ecoregion and ecozone, the site is in the Lake Timiskaming Lowlands of the Boreal Shield. The forest developed after high-grade logging in the 1930's. The average age in 2013 is estimated at beteen 75  and 80 years. The forest is dominated by five species characteristic of Ontario boreal mixedwoods: trembling aspen (Populus tremuloides Michx.), black spruce (Picea mariana (Mill.) B.S.P.), white spruce (Picea glauca (Moench.) Voss.), white birch (Betula papyrifera Marsh.), and balsam fir (Abies balsamea (L.) Mill.). The surficial geology is a lacustrine deposit of varved or massive clays, silts and silty sands. The soil is an orthic gleysol with a soil moisture regime classified as fresh to very fresh. Plonski (1974) rates it as a site class 1. The topography is simple and flat with an overall elevation of 340 m ASL.",2003-01-01 00:00:00,
32,CA-Man,ENF,55.8796200,-98.4808100,Manitoba - Northern Old Black Spruce (former BOREAS Northern Study Area),Canada,520,259,,"55.880° N, 98.481° W, elevation of 259 m, Boreal coniferous: Black spruce; occasional larch present in poorly-drained areas. Groundcover is moss (feathermosses and Sphagnum), Labrador Tea, Vaccinium, and willows are a main component of the understory. It was established in 1993 as a BOREAS site.",1994-01-01 00:00:00,2008-01-01 00:00:00
33,CA-NS1,ENF,55.8791700,-98.4838900,UCI-1850 burn site,Canada,500.29,260,,"The UCI-1850 site is located in a continental boreal forest, dominated by black spruce trees, within the BOREAS northern study area in central Manitoba, Canada. The site is a member of a chronological series of sites that are representative secondary succession growth stages after large stand replacement fires. Black spruce trees undergo a slow growth process enabling the accurate determination of the chronosequence of stand age disturbance. Additionally, boreal forests make up approximately 25% of forest ecosystems on earth. With both of these in mind, the UCI sites provide an excellent location to study the CO2 exchange between the atmosphere and boreal forest ecosystems as a function of sequential wildfires.",2002-01-01 00:00:00,2005-01-01 00:00:00
34,CA-NS2,ENF,55.9058300,-98.5247200,UCI-1930 burn site,Canada,499.82,260,,"The UCI-1930 site is located in a continental boreal forest, dominated by black spruce trees, within the BOREAS northern study area in central Manitoba, Canada. The site is a member of a chronological series of sites that are representative secondary succession growth stages after large stand replacement fires. Black spruce trees undergo a slow growth process enabling the accurate determination of the chronosequence of stand age disturbance. Additionally, boreal forests make up approximately 25% of forest ecosystems on earth. With both of these in mind, the UCI sites provide an excellent location to study the CO2 exchange between the atmosphere and boreal forest ecosystems as a function of sequential wildfires.",2001-01-01 00:00:00,2005-01-01 00:00:00
35,CA-NS3,ENF,55.9116700,-98.3822200,UCI-1964 burn site,Canada,502.22,260,,"The UCI-1964 site is located in a continental boreal forest, dominated by black spruce trees, within the BOREAS northern study area in central Manitoba, Canada. The site is a member of a chronological series of sites that are representative secondary succession growth stages after large stand replacement fires. Black spruce trees undergo a slow growth process enabling the accurate determination of the chronosequence of stand age disturbance. Additionally, boreal forests make up approximately 25% of forest ecosystems on earth. With both of these in mind, the UCI sites provide an excellent location to study the CO2 exchange between the atmosphere and boreal forest ecosystems as a function of sequential wildfires.",2001-01-01 00:00:00,2005-01-01 00:00:00
36,CA-NS4,ENF,55.914370,-98.380645,UCI-1964 burn site wet,Canada,502.22,260,,"The UCI-1964 wet site is located in a continental boreal forest, dominated by black spruce trees, within the BOREAS northern study area in central Manitoba, Canada. The site is a member of a chronological series of sites that are representative secondary succession growth stages after large stand replacement fires. Black spruce trees undergo a slow growth process enabling the accurate determination of the chronosequence of stand age disturbance. Additionally, boreal forests make up approximately 25% of forest ecosystems on earth. With both of these in mind, the UCI sites provide an excellent location to study the CO2 exchange between the atmosphere and boreal forest ecosystems as a function of sequential wildfires.",2002-01-01 00:00:00,2004-01-01 00:00:00
37,CA-NS5,ENF,55.8630600,-98.4850,UCI-1981 burn site,Canada,500.34,260,,"The UCI-1981 site is located in a continental boreal forest, dominated by black spruce trees, within the BOREAS northern study area in central Manitoba, Canada. The site is a member of a chronological series of sites that are representative secondary succession growth stages after large stand replacement fires. Black spruce trees undergo a slow growth process enabling the accurate determination of the chronosequence of stand age disturbance. Additionally, boreal forests make up approximately 25% of forest ecosystems on earth. With both of these in mind, the UCI sites provide an excellent location to study the CO2 exchange between the atmosphere and boreal forest ecosystems as a function of sequential wildfires.",2001-01-01 00:00:00,2005-01-01 00:00:00
38,CA-NS6,OSH,55.9166700,-98.9644400,UCI-1989 burn site,Canada,495.37,244,,"The UCI-1989 site is located in a continental boreal forest, dominated by black spruce trees, within the BOREAS northern study area in central Manitoba, Canada. The site is a member of a chronological series of sites that are representative secondary succession growth stages after large stand replacement fires. Black spruce trees undergo a slow growth process enabling the accurate determination of the chronosequence of stand age disturbance. Additionally, boreal forests make up approximately 25% of forest ecosystems on earth. With both of these in mind, the UCI sites provide an excellent location to study the CO2 exchange between the atmosphere and boreal forest ecosystems as a function of sequential wildfires.",2001-01-01 00:00:00,2005-01-01 00:00:00
39,CA-NS7,OSH,56.6358300,-99.9483300,UCI-1998 burn site,Canada,483.27,297,,"The UCI-1998 site is located in a continental boreal forest, dominated by black spruce trees, within the BOREAS northern study area in central Manitoba, Canada. The site is a member of a chronological series of sites that are representative secondary succession growth stages after large stand replacement fires. Black spruce trees undergo a slow growth process enabling the accurate determination of the chronosequence of stand age disturbance. Additionally, boreal forests make up approximately 25% of forest ecosystems on earth. With both of these in mind, the UCI sites provide an excellent location to study the CO2 exchange between the atmosphere and boreal forest ecosystems as a function of sequential wildfires.",2002-01-01 00:00:00,2005-01-01 00:00:00
40,CA-Oas,DBF,53.6288900,-106.1977900,"Saskatchewan - Western Boreal, Mature Aspen",Canada,428.53,530,,"53.62889° N, 106.19779° W, elabation of 600.63 m,BOREAS 1994, 1996, BERMS climate and flux measurements began Dec. 1996",1997-01-01 00:00:00,
41,CA-Obs,ENF,53.9871700,-105.1177900,"Saskatchewan - Western Boreal, Mature Black Spruce",Canada,405.6,628.94,,"53.98717° N, 105.11779° W, elavation of 628.94 m, BOREAS 1994, 1996, BERMS climate measurements began Dec. 1996 and flux measurements in Apr. 1999",1999-01-01 00:00:00,
42,CA-Qfo,ENF,49.6925,-74.3420600,"Quebec - Eastern Boreal, Mature Black Spruce",Canada,962.32,382,,"49.69247° N / 74.34204° W, elevation of 387 mm, 90 - 100 yr old Black Spruce, Jack Pine, feather moss",2003-01-01 00:00:00,
43,CA-SF1,ENF,54.4850300,-105.8175700,"Saskatchewan - Western Boreal, forest burned in 1977",Canada,470,536,,"Regenerated jack pine (Pinus banksiana) following fire in 1977; canopy height 6 m and LAI = 2.8.  Some black spruce understory developing.  Trees tend to be clumpy, with some clear spaces that can be easily walked thorugh, and other areas are thick.  Fire killed coarse woody debris on the ground, that is soft and decomposing.  Very few perched trunks. Understory are short shrubs such as Vaccinium and Arctostaphylus uva-ursi.",2004-01-01 00:00:00,2006-01-01 00:00:00
44,CA-SF2,ENF,54.2539200,-105.8775000,"Saskatchewan - Western Boreal, forest burned in 1989",Canada,470,520,,"Amiro_et_al_2006, AFM/136:...The 1989 burn site (F89) was northeast of Prince Albert National Park, Saskatchewan, with the humancaused fire covering 13,500 ha. Parts of the area had been logged prior to the fire, and slash residues would have been burned in some locations. Parts of the area were aerially seeded with jack pine seeds in the winter of 1990.                          The present tree canopy was composed of balsam poplar (Populus balsamifera L.), jack pine, trembling aspen, and birch (Betula papyrifera Marsh.) and prior to the fire, the stand consisted of these same species aswell asblack spruce.Deadsnags of black spruce and jack pinewere still standing, althoughmost had fallen over and formed a leaningmix of dry, dead tree boles. The understory vegetation consisted mostly of black spruce saplings, saplings of the tree overstory species, bearberry, blueberry (Vaccinium myrtilloides Michx.), raspberry (Rubus idaeus L.), rose (Rosa acicularis Lindl.), bunchberry (Cornus canadensis L.), and reed grass (Calamagrostis canadensis (Michx.) Nutt.).",2001-01-01 00:00:00,2005-01-01 00:00:00
45,CA-SF3,OSH,54.0915600,-106.0052600,"Saskatchewan - Western Boreal, forest burned in 1998",Canada,470,540,,"The 1998 burn site (F98) was in the east part of
Prince Albert National Park, Saskatchewan, in the
Waskesiu Fire, ignited by lightning that burned about
1700 ha in July 1998. The pre-fire forest consisted of
jack pine and black spruce stands, with some intermixed
aspen. The fire was severe, consuming much of the top layer of organic soil and killing all trees. In 2001, much
of the regenerating vegetation consisted of aspen
saplings about 1 m tall and shorter jack pine and black
spruce seedlings. An overstory of dead, leafless jack
pine trees dominated at a height of 18 m. Sparse grass
and herbs, such as fireweed (Epilobium angustifolium
L.) covered the ground. There were a large number of
fallen dead trees, mostly perched above the ground and
not decomposing quickly.",2001-01-01 00:00:00,2006-01-01 00:00:00
46,CA-TP1,ENF,42.66093611,-80.55951944,Ontario - Turkey Point 2002 Plantation White Pine,Canada,1036,265,,"Plantation established in 2002 on a former sandy agricultural field, which was abandoned three years prior to planting",2003-01-01 00:00:00,
47,CA-TP2,ENF,42.77441944,-80.458775,Ontario - Turkey Point 1989 Plantation White Pine,Canada,1036,212,,Plantation established in 1989 over sandy agriculture land,2003-01-01 00:00:00,2008-06-12 00:00:00
48,CA-TP3,ENF,42.70681111,-80.34831389,Ontario - Turkey Point 1974 Plantation White Pine,Canada,1036,184,,White pine plantation established in 1974 over sandy abandoned land,2003-01-01 00:00:00,
49,CA-TP4,ENF,42.710161,-80.357376,Ontario - Turkey Point 1939 Plantation White Pine,Canada,1036,184,,White pine plantation established in 1939 over sandy abandoned land,2003-01-01 00:00:00,
50,CA-TPD,DBF,42.635328,-80.557731,Ontario - Turkey Point Mature Deciduous,Canada,1036,260,,"The forest is approximately 90 years old. Naturally regenerated on sandy terrain and abandoned agricultural land. Predominantly hardwood species with a few scattered conifers. Site has been managed (thinned) in the past. It has a high biodiversity with 573 tree and plant species, 102 bird species, 23 mamal species and 22 reptile and amphibian species (SWALSREP Report, 1999).  The dominant tree species is white oak (Quercus alba), with other scattered broadleaf Carolinian species including sugar and red maple (Acer saccharum, A. rubrum), American beech (Fagus grandifolia), black and red oak (Q. velutina, Q. rubra) and white ash (Fraxinus americana) . There are also scattered conifers, mostly white and red pine (Pinus strobes, P. resinosa), comprising about 5% of the trees. Average tree height is 25.7 m with a stand density of 504 ± 18 trees per hectare. Average tree diameter at breast height is 22.3 cm and basal area is 0.06 m2 or approximately 29 square meters per hectare.",2012-01-05 00:00:00,
51,CG-Tch,SAV,-4.28917,11.65642,Tchizalamou,Republic of Congo,1150,82,,,,
52,CH-Cha,GRA,47.21022,8.41044,Chamau,Switzerland,1136,393,,intensively managed grassland in the lowlands of switzerland,2012-01-01 00:00:00,
53,CH-Dav,ENF,46.81533,9.85591,Davos,Switzerland,1062,1639,,,1997-01-01 00:00:00,
54,CH-Fru,GRA,47.11583,8.53778,Früebüel ,Switzerland,1651,982,,,2006-01-01 00:00:00,2011-01-01 00:00:00
55,CH-Lae,MF,47.47833,8.36439,Laegern,Switzerland,1100,689,,,2004-01-01 00:00:00,
56,CH-Oe1,GRA,47.28583,7.73194,Oensingen grassland,Switzerland,1100,450,,,,
58,CN-Cha,MF,42.4025,128.0958,Changbaishan,China,,,,,,
59,CN-Cng,GRA,44.5934,123.5092,Changling,China,,,,,,
60,CN-Dan,GRA,30.4978,91.0664,Dangxiong,China,,,,,,
61,CN-Din,EBF,23.1733,112.5361,Dinghushan,China,,,,,,
62,CN-Du2,GRA,42.0467,116.2836,Duolun_grassland (D01),China,,,,,,
63,CN-Du3,GRA,42.0551,116.2809,Duolun Degraded Meadow,China,,,,,,
65,CN-HaM,GRA,37.3700,101.1800,Haibei Alpine Tibet site,China,,,,,,
66,CN-Qia,ENF,26.7414,115.0581,Qianyanzhou,China,,,,,,
67,CN-Sw2,GRA,41.7902,111.8971,Siziwang Grazed (SZWG),China,,,,,,
68,CZ-BK1,ENF,49.50208,18.53688,Bily Kriz forest,Czech Republic,1316,875,,,2004-01-01 00:00:00,
69,CZ-BK2,GRA,49.49443,18.54285,Bily Kriz grassland,Czech Republic,1316,855,,"mountain grassland, tower position 49°29'39.983N, 18°32'34.306E",2003-01-01 00:00:00,
73,DE-Gri,GRA,50.94947,13.51253,Grillenburg,Germany,901,385,66,"The permanent grassland site (50°57’04”N, 13°30’50”E; 385 m a.s.l.) is located in the middle of the Grillenburg clearing (around 40 ha) within the Tharandt Forest. Typical and observed plant species are couch grass (Agropyron repens), meadow foxtail (Aleopecurus pratensis), yarrow (Achillea millefolium), common sorrel (Rumex acetosa) and white clover (Trifolium repens).
The organic soil horizon (ABhw) is characterised as silty loam. The B horizon shows mainly medium clayey loam and medium clayey silt. Withi",2002-03-08 13:00:00,
74,DE-Hai,DBF,51.07921,10.45217,Hainich,Germany,720,430,,,2000-01-01 00:00:00,
76,DE-Lkb,ENF,49.09962,13.30467,Lackenberg,Germany,1599,1308,173,,2009-01-01 00:00:00,
77,DE-Lnf,DBF,51.32822,10.3678,Leinefelde,Germany,,451,,,2002-01-01 00:00:00,
78,DE-Obe,ENF,50.78666,13.72129,Oberbärenburg,Germany,996,734,,,2008-01-30 12:00:00,
79,DE-RuR,GRA,50.62191,6.30413,Rollesbroich,Germany,1033,514.7,10,"The Rollesbroich study site is located in the low mountain range “Eifel” near the German-Belgium border and covers the area of the small Kieselbach catchment  (40 ha) with altitudes ranging from 474 to 518 m.a.s.l.. The climate is temperate maritime with a mean annual air temperature and precipitation of 7.7 °C and 1033 mm, respectively, for the period from 1981 to 2001 (North Rhine-Westphalian State Environment Agency).
The soils are dominated by (stagnic) Cambisols and Stagnosols on Devonian shales with occasional sandstone inclusions that are covered by a periglacial solifluction clay–silt layer. The grassland vegetation is dominated by perennial ryegrass (Lolium perenne) and smooth meadow grass (Poa pratensis). 
In spring 2011 an eddy covariance station (50.621°N, 6.304°E,515 m a.s.l.) was installed at the border of two fields of grassland (5.8 and 7.8 ha) within the study site. Management of both fields is typical for the low mountain range of the Eifel region with one fertilizer application and three cuts per year.
The area within the fetch of the eddy covariance tower is relatively flat with slopes ranging between 0.35° and 3.12°.",2011-05-13 13:00:00,
84,DE-Tha,ENF,50.96256,13.56515,Tharandt,Germany,843,385,72,"The Anchor Station Tharandt (50.96235°N, 13.56516°E, 385 m a.s.l.) is located in the Eastern part of a large forested area (60 km²) near the city of Tharandt, about 25 km SW of Dresden. This forest has a long history of forestry documentation as well as meteorological and hydrological measurements.
The spruce stand at the Anchor Station Tharandt was established by seeding in 1887. Besides the dominating spruce trees some additional tree species are present: in the vicinity of the measurement tower (500 m ra",1996-01-01 00:00:00,
86,DK-Eng,GRA,55.69053,12.19175,Enghave,Denmark,613,10,,,,
88,DK-Sor,DBF,55.48587,11.64464,Soroe,Denmark,660,40,,,,
89,ES-Amo,OSH,36.83361,-2.25232,Amoladeras,Spain,0,58,,,2009-01-01 00:00:00,
90,ES-LgS,OSH,37.09794,-2.96583,Laguna Seca,Spain,,2267,,,2007-01-01 00:00:00,2007-01-01 00:00:00
91,ES-LJu,OSH,36.92659,-2.75212,Llano de los Juanes,Spain,400,1600,,,2004-01-01 00:00:00,
92,ES-Ln2,OSH,36.9695,-3.47582,Lanjaron-Salvage logging,Spain,,2249,,,2009-01-01 00:00:00,2009-01-01 00:00:00
93,FI-Hyy,ENF,61.84741,24.29477,Hyytiala,Finland,709,181,,,1997-06-01 00:00:00,2015-09-16 00:00:00
95,FI-Let,ENF,60.64183,23.95952,Lettosuo,Finland,627,111,90,The site is a nutrient-rich peatland forest located in southern Finland. The site was drained in 1969 and partially harvested in March 2016. Current tree stand consists mostly of Norway spruce and Pubescent birch. Average canopy height about 20 m. Few kilometers from highway 2.,2009-01-01 00:00:00,
97,FI-Sod,ENF,67.36239,26.63859,Sodankyla,Finland,500,180,,,,
98,FR-Fon,DBF,48.47636,2.7801,Fontainebleau-Barbeau,France,720,103,2,"This tower is located in Barbeau state forest (near Fontainebleau), a 150 year-old forest with dominant oak and hornbeam in the understory.",2016-01-01 00:00:00,
100,FR-LBr,ENF,44.71711,-0.7693,Le Bray,France,900,61,,,1996-01-01 00:00:00,1996-01-01 00:00:00
101,FR-Pue,EBF,43.7413,3.5957,Puechabon,France,883,270,,,,
102,GF-Guy,EBF,5.27877,-52.92486,Guyaflux (French Guiana),French Guyana,3041,48,0,,2004-01-01 00:00:00,
103,GH-Ank,EBF,5.26854,-2.69421,Ankasa,Ghana,1900,124,,,2011-01-01 00:00:00,
106,GL-ZaH,GRA,74.47328,-20.5503,Zackenberg Heath,Greenland,211,38,240,High Arctic tundra heath,2000-01-01 00:00:00,
108,IT-CA1,DBF,42.38041,12.02656,Castel d'Asso1,Italy,766,200,,Short rotation forestry of poplar for biomass production,2011-01-01 00:00:00,2014-01-01 00:00:00
110,IT-CA3,DBF,42.3800,12.0222,Castel d'Asso3,Italy,766,197,,Short rotation forestry of poplar for biomass production,2011-01-01 00:00:00,2014-01-01 00:00:00
111,IT-Col,DBF,41.84936,13.58814,Collelongo,Italy,1180,1560,,,,
112,IT-Cp2,EBF,41.70427,12.35729,Castelporziano2,Italy,805,19,,Evergreen Holm Oak (Quercus ilex) forest.,2012-01-01 00:00:00,
113,IT-Cpz,EBF,41.70525,12.37611,Castelporziano,Italy,780,68,,,1997-01-01 00:00:00,1997-01-01 00:00:00
114,IT-Isp,DBF,45.81264,8.63358,Ispra ABC-IS,Italy,1300,210,3,"mixed forest, unmanaged since 1960s; main species: Quercus robur (dominant), Robinia pseudoacacia, Alnus glutinosa, Pinus rigida, minor species: Populus tremula, Betula pendula, Corylus avellana, Prunus serotina",2012-07-01 00:00:00,2015-12-31 00:00:00
115,IT-La2,ENF,45.9542,11.2853,Lavarone2,Italy,1150,1350,,,2000-01-01 00:00:00,2000-01-01 00:00:00
116,IT-Lav,ENF,45.9562,11.28132,Lavarone,Italy,1291,1353,,,2002-01-01 00:00:00,
117,IT-MBo,GRA,46.01468,11.04583,Monte Bondone,Italy,1214,1550,,,2002-01-01 00:00:00,
118,IT-Noe,CSH,40.60618,8.15169,Arca di Noe - Le Prigionette,Italy,588,25,0,Undisturbed mediterranean maquis site. Flux measurements started in the 2004 with previuos projects,2015-01-01 00:00:00,
119,IT-PT1,DBF,45.20087,9.06104,Parco Ticino forest,Italy,984,60,,,,
120,IT-Ren,ENF,46.58686,11.43369,Renon,Italy,809.3,1730,,,,
121,IT-Ro1,DBF,42.40812,11.93001,Roccarespampani 1,Italy,876.2,235,,,2000-01-01 00:00:00,2000-01-01 00:00:00
122,IT-Ro2,DBF,42.39026,11.92093,Roccarespampani 2,Italy,876.2,160,,,2002-01-01 00:00:00,2013-01-01 00:00:00
123,IT-SR2,ENF,43.73202,10.29091,San Rossore 2,Italy,920,4,0,strip of pine plantation (Pinus pinea) extending ca. 6x1km along the cost established from seed; IT-SR2 is the successor of IT-SRo site which was located approx. 700 m south-west,2013-01-01 00:00:00,
124,IT-SRo,ENF,43.72786,10.28444,San Rossore,Italy,920,6,,,1999-01-01 00:00:00,1999-01-01 00:00:00
125,IT-Tor,GRA,45.84444,7.57806,Torgnon,Italy,920,2160,200,The site is an abandoned grassland in European Alps dominated by Nardus stricta,2008-06-20 00:30:00,
126,JP-MBF,DBF,44.3869,142.3186,Moshiri Birch Forest Site,Japan,,,,,,
127,JP-SMF,MF,35.2617,137.0788,Seto Mixed Forest Site,Japan,,,,,,
128,MY-PSO,EBF,2.9730,102.3062,Pasoh Forest Reserve (PSO),Malaysia,,,,,,
129,NL-Hor,GRA,52.24035,5.0713,Horstermeer,Netherlands,800,2.2,,,2003-01-01 00:00:00,
130,NL-Loo,ENF,52.16658,5.74356,Loobos,Netherlands,786,25,,"The Loobos site is located near Kootwijk (52?10?00? N - 5?44?38? O). The main tree species is Scots pine (Pinus silvestris). In all direc¬tions the forest extends for more than 1.5 km. The trees were planted around 1909 on sand dunes and are widely spaced with some open spots. In a radius of 500 m around the flux tower 89% of the area is covered with Scots pine, 3.3% with Corsican or black pine, 2.3% with birch, 1.3% with Douglas fir, 0.6% with oak and 3.5% of the area is open and mostly covered with heather and grass. The average tree height is 15.1 m. The undergrowth of the forest is a closed cover of mainly grass (Deschampsia). Because of the local topography caused by the sand dunes the distance to the ground water table depends on the location. At the base of the tower the ground water table is at a depth of ? 6.5 m below the surface.",1994-01-01 00:00:00,
131,PA-SPn,DBF,9.31814,-79.6346,Sardinilla Plantation,Panama,2350,78,0,,2007-01-01 00:00:00,2007-01-01 00:00:00
132,PA-SPs,GRA,9.31378,-79.63143,Sardinilla-Pasture,Panama,2350,68,0,,2007-01-01 00:00:00,2007-01-01 00:00:00
134,RU-Cok,OSH,70.82914,147.49428,Chokurdakh,Russia,232,48,250,,2003-01-01 00:00:00,
135,RU-Fyo,ENF,56.46153,32.92208,Fyodorovskoye,Russia,711,265,100,Site is an old (about 200 years) spruce forest with spruce  and birch. The undergrowth is dominated by Vaccinium  and Sphaghum.,2009-01-01 00:00:00,
136,RU-Ha1,GRA,54.72517,90.00215,Hakasia steppe,Russia,,446,,,2002-01-01 00:00:00,2002-01-01 00:00:00
137,RU-Sam,GRA,72.3733,126.4978,Samoylov,Russia,,,220,,2002-07-11 00:00:00,
138,RU-SkP,DNF,62.2550,129.1680,Yakutsk Spasskaya Pad larch,Russia,,246,,,2001-01-01 00:00:00,
139,RU-Tks,GRA,71.59427,128.88782,Tiksi,Russia,323,7,235,,2011-01-01 00:00:00,
140,RU-Vrk,CSH,67.05468,62.94047,Seida/Vorkuta,Russia,501,100,245,,2007-01-01 00:00:00,2008-01-01 00:00:00
141,SD-Dem,SAV,13.2829,30.4783,Demokeya,Sudan,320,500,,,,
145,SN-Dhr,SAV,15.40278,-15.43222,Dahra,Senegal,404,40,,,2010-01-01 00:00:00,
146,US-AR1,GRA,36.4267,-99.4200,ARM USDA UNL OSU Woodward Switchgrass 1,USA,,611,,"The ARM USDA UNL OSU Woodward Switchgrass 1 tower is located on public land owned by the USDA-ARS Southern Plains Range Research Station in Woodward, Oklahoma. The site is on a former native prairie that is in the process of changing to switchgrass. A second companion site (ARM USDA UNL OSU Woodward Switchgrass 2) is on a former wheat field. In Spring 2009, the former native prairie site was burned, cattle were put on the pasture to graze down emergent grass, and broadleaf herbicide was sprayed. In Summer 2009, the cattle were removed from the pasture, and the site was sprayed with herbicide to kill all grass. In Spring 2010, prior to the planting of switchgrass, final herbicide was sprayed to kill cheat grass and to control broadleaf plants.",2009-04-30 00:00:00,2011-01-01 00:00:00
147,US-AR2,GRA,36.6358,-99.5975,ARM USDA UNL OSU Woodward Switchgrass 2,USA,,646,,"The ARM USDA UNL OSU Woodward Switchgrass 2 tower is located on public land owned by the USDA-ARS Southern Plains Range Research Station in Woodward, Oklahoma. The site is on a former wheat field that is in the process of changing to switchgrass. A companion site (ARM USDA UNL OSU Woodward Switchgrass 1) is on a former native prairie. Previous wheat was planted in Fall 2008. In Spring 2009, herbicide was applied to kill the wheat prior to switchgrass planting. Later in the year, the site was sprayed with post-emergence herbicide. In 2010, fertilization occurred before herbicide was sprayed for broadleaf control.",2009-04-30 00:00:00,2012-08-02 00:00:00
148,US-ARb,GRA,35.5497,-98.0402,ARM Southern Great Plains burn site- Lamont,USA,,424,,"The ARM SGP Burn site is located in the native tallgrass prairies of the USDA Grazinglands Research Laboratory near El Reno, OK. One of two adjacent 35 ha plots, the US-ARb plot was burned on 2005/03/08. The second plot, US-ARc, was left unburned as the control for experimental purposes. Aside from 2005, the region evaded burning activities for at least 15 years. Current disturbances consist of only light grazing activities.",2005-01-01 00:00:00,2006-01-01 00:00:00
149,US-ARc,GRA,35.54649,-98.0400,ARM Southern Great Plains control site- Lamont,USA,,424,,"The ARM SGP Control site is located in the native tallgrass prairies of the USDA Grazinglands Research Laboratory near El Reno, OK. One of two adjacent 35 ha plots with identical towers, measurements at the US-ARc unburned plot are used as the experimental control. The second plot, US-Arb, was burned on 2005/03/08. Measurement comparisons between the control and burn plot are used to address questions regarding the effects of burning activities on carbon fluxes. The region evaded burning activities for at least 15 years. Current disturbances consist of only light grazing activities.",2005-01-01 00:00:00,2006-01-01 00:00:00
152,US-Blo,ENF,38.8953,-120.6328,Blodgett Forest,USA,1226,1315,,"The flux tower site at Blodgett Forest is on a 1200 ha parcel of land owned by Sierra Pacific Industries in the Sierra Nevada range near Georgetown, California. The field site was established in May 1997 with continuous operation since May 1999. The site is situated in a ponderosa pine plantation, mixed-evergreen coniferous forest, located adjacent to Blodgett Forest Research Station. The Mediterranean-type climate of California is characterized by a protracted summer drought, with precipitation occurring mainly from October through May. The infrastructure for the ecosystem scale flux measurements includes a walkup measurement tower, two temperature controlled instrument buildings, and an electrical generation system powered by a diesel generator. Typical wind patterns at the site include upslope flow during the day (from the west) and downslope flow at night (from the east). The plantation is relatively flat, and contains a homogenous mixture of evenly aged ponderosa pine with other trees and shrubs scattered throughout the ecosystem making up less than 30% of the biomass. The daytime fetch for the tower measurements extends approximately 200 m to the southwest of the tower (this region contributes ~90% of the daytime flux), thus remote sensing images to be used for modeling should probably be centered approximately 100 m from the tower at an angle of 225 deg.",1997-01-01 00:00:00,2006-01-01 00:00:00
153,US-Cop,GRA,38.09,-109.39,Corral Pocket,USA,,1520,,"The Corral Pocket site is located in a semi-arid grassland in southeastern Utah, just east of Canyonlands National park. For the greater part of the year, 38-80% of the ground is essentially bare. Vegetation is primarily native perennial C3/C4 grasses with annual ground converge ranging from 8-35%. Leaving the remaining 0-15% coverage to interspersed annual grasses, the remaining 0-15% coverage is occupied by annual grasses. 6-8 weeks during the late fall or winter, Livestock grazing is responsible for the majority of aboveground vegetation loss and subsequent high variability of ground coverage.",2001-01-01 00:00:00,2007-01-01 00:00:00
155,US-GBT,ENF,41.36579,-106.2397,GLEES Brooklyn Tower,USA,1200,3191,243,"The Glacier Lakes Ecosystem Experiments Site (GLEES) site is located on land owned by the U.S. government and managed by US Forest Service as part of the Medicine Bow National Forest. Many of the trees in the immediate vicinity of the site are older than 400 years, inter-dispersed among trees much younger in age. This widespread age distribution is most likely a derivation of one of two scenarios: 1) A widespread stand replacement about 400 years ago followed by a slow replacement; 2) Intermittent random disturbances over the past 400 years (Bradford et al. 2008). A decade long spruce beetle outbreak that peaked in 2008 resulted in the mortality of 85% of the forested basal area. There are a few private land holdings in the area, with scattered uncorked mining claims. Following the establishment of the National Forest, mining was banned and grazing was closed in the early 1990's in the upper portion of the GLEES site. Recreation in the winter, when snow can remain in patches into the summer months, snow mobiling and cross country skiing are popular. During the limited summer, hiking, camping and fishing are common activities. The site is accessible by vehicle only during the summer on Forest Road FDR 317, and in the winter, the tower is only reachable via snowmobile.",1991-01-01 00:00:00,2006-01-01 00:00:00
156,US-GLE,ENF,41.36653,-106.2399,GLEES,USA,1200,3197,243,"The Glacier Lakes Ecosystem Experiments Site (GLEES) site is located on land owned by the U.S. government and managed by US Forest Service as part of the Medicine Bow National Forest. Many of the trees in the immediate vicinity of the site are older than 400 years, inter-dispersed among trees much younger in age. This widespread age distribution is most likely a derivation of one of two scenarios: 1) A widespread stand replacement about 400 years ago followed by a slow replacement; 2) Intermittent random disturbances over the past 400 years (Bradford et al. 2008). A decade long spruce beetle outbreak that peaked in 2008 resulted in the mortality of 85% of the forested basal area. There are a few private land holdings in the area, with scattered uncorked mining claims. Following the establishment of the National Forest, mining was banned and grazing was closed in the early 1990's in the upper portion of the GLEES site. Recreation in the winter, when snow can remain in patches into the summer months, snow mobiling and cross country skiing are popular. During the limited summer, hiking, camping and fishing are common activities. The site is accessible by vehicle only during the summer on Forest Road FDR 317, and in the winter, the tower is only reachable via snowmobile.",2004-01-01 00:00:00,
157,US-Goo,GRA,34.2547,-89.8735,Goodwin Creek,USA,1425.77,87,,"The Goodwin Creek site is located in the Bluff Hills, just east of the Mississippi River valley. In addition to being a core AmeriFlux site, Goodwin Creek is also affiliated with a multitude of other projects including SURFRAD, BSRN, and one of the twelve watersheds in the USDA Conservation Reserve Program. Natural disturbances are of minimal influence to the site. The immediate region is primarily used for grazing while infrequent logging activities occur in nearby forests. The grass surrounding the base of the tower is mowed periodically to maintain a height consistent with the regional grasslands.",2002-01-01 00:00:00,2006-01-01 00:00:00
158,US-Ha1,DBF,42.5378,-72.1715,Harvard Forest EMS Tower (HFR1),USA,1071,340,92,"The Harvard Forest tower is on land owned by Harvard University. The site is designated as an LTER site. Most of the surrounding area was cleared for agrigulture during European settlement in 1600-1700. The site has been regrowing since before 1900 (based on tree ring chronologies) and is now predominantly red oak and red maple, with patches of mature hemlock stand and individual white pine. Overstory trees were uprooted by hurricane in 1938.  Climate measurements have been made at Harvard Forest since 1964.",1991-01-01 00:00:00,
159,US-IB2,GRA,41.8406200,-88.2410300,Fermi National Accelerator Laboratory- Batavia (Prairie site),USA,930.25,226.5,,"Two eddy correlation systems are installed at Fermi National Accelerator Laboratory: one on a restored prairie (established October 2004) and one on a corn/soybean rotation agricultural field (established in July 2005). The prairie site had been farmed for more than 100 years, but was converted to prairie in 1989. April annual to bi-annual prescribed burns have taken place from 1994 - 2007.",2004-01-01 00:00:00,
161,US-KS1,ENF,28.4583,-80.6709,Kennedy Space Center (slash pine),USA,1266,1.00,0,"The Kennedy Space Center Slash Pine Flatwoods site is located in the Merritt Island National Wildlife Refuge at the Kennedy Space Center (KSC) on the east coast of central Florida. Occupying 310 ha of local forest, the slash pine flatwoods ecosystem is managed as an uneven-aged stand with a sparsely populated overstory and a dense oak-dominated understory. Disturbances tend to occur on a 7 to 10 year cycle, mostly related to fire or hurricane activity. Prescribed fires have been conducted since 1969 to control understory fuel. The most recent burn was conducted in February of 1995. Following the burn, the stand was allowed to naturally regenerate into a open canopy of slash pines, less than 15% of canopy coverage ( on the order of 15-30 trees per ha), with a understory mostly composed of saw palmetto and scrub oak. There was a seasonally wet swale to the southeast that was on the margin of the flux tower footprint. A severe drought gripped most of Florida beginning in 1998 until the later half of 2001 resulting in four years of relatively low annual precipitation totals. Exceptionally high annual rainfall amounts in 2004 were the result of a pair of hurricanes that hit the area in August and September of 2004. Wind directions for the site are as follows: W and NW in the winter, afternoon E sea breeze in the summer.",2002-01-01 00:00:00,2005-12-31 23:00:00
162,US-KS2,CSH,28.6086,-80.6715,Kennedy Space Center (scrub oak),USA,1294,3.00,0,"The Kennedy Space Center Scrub Oak site is located within the Merritt Island National Wildlife Refuge at the Kennedy Space Center (KSC) on the east coast of central Florida. Situated in a 10 ha scrub oak ecosystem, the surrounding stand was completely burned by a prescribed fire in 1996. The purpose of the burn was to control understory fuel load, which has been a common practice since 1969. Within a few weeks of the 1996 burn, the stand began to naturally regenerate from roots and rhizomes. Most scrub oak stands in the region undergo a 7 to 10 year disturbance cycle, mostly related to fire or hurricane activity. A severe drought gripped most of Florida beginning in 1998 until the later half of 2001 resulting in four years of relatively low amount of annual rainfall. Exceptionally high annual rainfall amount in 2004 was the result of a pair of hurricanes that hit the area in August and September of 2004.  Prevaling wind directions for the site are as follows: W to NW in the winter, afternoon E sea breeze in the summer.",2000-04-01 00:00:00,2006-12-31 23:30:00
165,US-LWW,GRA,34.9604,-97.9789,Little Washita Watershed,USA,805.12,365,,"Grasslands, rangeland, Temperate, continental. Severe drought in 1998.",1997-01-01 00:00:00,1998-01-01 00:00:00
166,US-Me1,ENF,44.5794,-121.5000,Metolius - Eyerly burn,USA,704.61,896,,"An intermediate aged ponderosa pine forest that was severely burned in the 2002 Eyerly wildfire. All trees were killed (stand replacing event). Irvine et al (2007) GCB 13 (8), 1748–1760.",2004-01-01 00:00:00,2005-01-01 00:00:00
167,US-Me2,ENF,44.4523,-121.5574,Metolius mature ponderosa pine,USA,523,1253,120,"The mean stand age is 71 years old and the stand age of the oldest 10% of trees is about 108 years old. This site is one of the Metolius core cluster sites with different age and disturbance classes and part of the AmeriFlux network. The overstory is almost exclusively composed of ponderosa pine trees (Pinus ponderosa Doug. Ex P. Laws) with a few scattered incense cedars (Calocedrus decurrens (Torr.) Florin) and has a peak leaf area index (LAI) of 2.1 m2 m-2. Tree height is relatively homogeneous at about 18 m, and the mean tree density is approximately 339 trees ha-1 (Irvine et al., 2008). The understory is sparse with an LAI of 0.2 m2 m-2 and primarily composed of bitterbrush (Purshia tridentata (Push) DC.) and greenleaf manzanita (Arctostaphylos patula Greene). Soils at the site are sandy (69%/24%/7% sand/silt/clay at 0–0.2 m depth and 66%/27%/7% at 0.2–0.5 m depth, and 54%/ 35%/11% at 0.5–1.0 m depth), freely draining with a soil depth of approximately 1.5 m (Irvine et al., 2008; Law et al., 2001b; Schwarz et al., 2004).",2002-10-19 00:00:00,
168,US-Me3,ENF,44.3154,-121.6078,Metolius-second young aged pine,USA,719,1005,,This site is located on a Forest Service mensuration plot (various seed sources) that was planted in 1987. Deer browsing is prevented by a fence.,2004-01-01 00:00:00,2009-01-01 00:00:00
169,US-Me4,ENF,44.4992,-121.6224,Metolius-old aged ponderosa pine,USA,1038.82,922,,"The site is located on land designated as a Research Natural Area (RNA). The site is very open, with even-aged stands of old-growth trees, young trees and mixed aged stands. The eddy-flux tower footprint was classified as ~ 48% mixed aged, ~27% pure old growth and ~25% young aged stands. The data in this workbook describes the mixed aged component. A separate workbook describes the pure old growth component. Law et al (2001) Global Change Biology 7, 755-777; Law et al (2001)  Agricultural and Forest Meteorology 110, 27-43; Anthoni et al (2002) Agricultural and Forest Meteorology 111, 203-222; Irvine & Law (2002) Global Change biology 8,1183-1194, Irivne et al (2004) Tree Physiology 24,753-763.",1996-01-01 00:00:00,2000-01-01 00:00:00
170,US-Me5,ENF,44.4371900,-121.5667600,Metolius-first young aged pine,USA,590.81,1188,,"Previously old-growth ponderosa pine, clearcut in 1978 and allowed to regenerate naturally. Law et al (2001) Global Change Biology 7, 755-777; Law et al (2001)  Agricultural and Forest Meteorology 110, 27-43; Anthoni et al (2002) Agricultural and Forest Meteorology 111, 203-222; Irvine & Law (2002) Global Change biology 8,1183-1194, Irivne et al (2004) Tree Physiology 24,753-763.",1999-01-01 00:00:00,2002-01-01 00:00:00
171,US-Me6,ENF,44.3232842,-121.6078,Metolius Young Pine Burn,USA,494.34068966,998,,"The study site is located east of the Cascade mountains, near Sisters, Central Oregon and is part of the Metolius cluster sites with different age and disturbance classes within the AmeriFlux network. After a severe fire in 1979, the site was salvage logged, was acquired by the US Forest Service land and re-forested in 1990. The dominant overstory vegetation are 20-year old ponderosa pine trees with an average height of 5.2 +/- 1.1 m. The season maximum overstory half-sided LAI was 0.6 m2 m-2 in 2010. Tree density is low, with ca. 162 trees ha-1.",2010-03-02 00:00:00,
172,US-MMS,DBF,39.3232,-86.4131,Morgan Monroe State Forest,USA,1032,275,,"Owned by the Indiana Department of Natural Resources (IDNR), the Morgan Monroe State Forest, the site's namesake, is operated thanks to the long-term agreement between Indiana University and IDNR. The first settlers cleared the surrounding ridges for farming, but were largely unsuccessful. The state of Indiana purchased the land in 1929, creating the Morgan Monroe State Forest. Many of the trees in the tower footprint are 60-80 years old, surviving selective logging that ended over the past 10 years. Today, the forest is a secondary successional broadleaf forest within the maple-beech to oak hickory transition zone of the eastern deciduous forest.",1999-01-01 00:00:00,
177,US-NR1,ENF,40.0329,-105.5464,Niwot Ridge Forest (LTER NWT1),USA,800,3050,210,"The Niwot Ridge AmeriFlux site is located in a subalpine forest ecosystem just below the Continental Divide near Nederland, CO. The site is located at 3050 m elevation, within 600m of the NOAA C1 long-term monitoring station, approximately 8 km east of the Continental Divide. The surrounding subalpine forest is ~97 years old and in a state of aggradation, having recovered from early twentieth century logging (Monson, et al. Global Change Biology (2002), 8 459-478).",1998-11-01 00:00:00,
178,US-Oho,DBF,41.5545,-83.8438,Oak Openings,USA,849,230,60,"The Ohio Oak Openings site is located within the Oak Openings Preserve Metropark of northwest Ohio, one of the few remaining oak woodlands/savanna/prairie complexes in the Midwest. Declared one of the ""One of America's Last Great Places"" by the Nature Conservancy the area consists of four main vegetation types: Oak Woodlands, Oak Savanna, Floodplain Forests and Wet Prairies. The stand surrounding the tower is mainly Oak Woodlands dominated by red, white and black oaks with a relatively abundant population of red maples indicating high soil moisture retention and a history of limited fire disturbances. Most of the area was cleared for agriculture at the time of Euro-American settlements in the mid to late-19th century. A large fraction of the cleared land was later abandoned due to the poor sandy soils. These areas reverted to Oak Savannas and in cases where fire was limited progressively made the transition to Oak Woodlands. Today patches of the forest are burned every few years as part of prescribed burning cycle to control stand density.",2004-01-01 00:00:00,2013-01-01 00:00:00
180,US-PFa,MF,45.9459,-90.2723,Park Falls/WLEF,USA,823,470.00,100,"The flux footprint encompasses a  highly heterogeneous landscape of upland forests and wetlands (forested and nonforested).  The forests are mainly deciduous but also include substantial coniferous coverage.  The upland/lowland variability occurs on spatial scales of a few hundred meters.  This heterogeneous landscape is further complicated by a nonuniform, small scale mosaic of thinning and clearcutting of the forest.  At larger scales (1 km or greater) the forest cover mosaic is quite homogeneous for many kilometers.  The site was chosen not for study of a simple stand, but for upscaling experiments.  The daytime fetch of flux measurements from the 396m level is on the order of 5-10 km, yielding a flux footprint roughly 100x the area of a typical stand-level flux tower.  AC power (tower is a TV transmitter).",1996-01-01 00:00:00,
181,US-Prr,ENF,65.12367,-147.48756,Poker Flat Research Range Black Spruce Forest,USA,275,210,210,"This site is located in a blackspruce forest within the property of the Poker Flat Research Range, University of Alaska, Fairbanks. Time-lapse image of the canopy is measured at the same time to relate flux data to satellite images.",2011-01-01 00:00:00,
182,US-SRC,MF,31.9083,-110.8395,Santa Rita Creosote,USA,330,950,,Part of the Santa Rita Experimental Range since 1901; Site vegetation has been dominated by Creosote bush since at least 1934,2008-04-24 12:00:00,2018-03-11 07:30:00
183,US-SRG,GRA,31.789379,-110.827675,Santa Rita Grassland,USA,420,1291,5,"Semidesert C4 grassland, lies in Pasture 1 on the Santa Rita Experimental Range.  This is the companion site for US-SRM, but has much less mesquite encroachment.",2008-03-08 00:00:00,
184,US-SRM,WSA,31.8214,-110.8661,Santa Rita Mesquite,USA,380,1120,2,"Semidesert grassland encroached by mesquite (Prosopis velutina) trees. Please see Scott et al. 2009 JGR-Biogeo, 114, G04004",2004-01-01 00:00:00,
185,US-Sta,OSH,41.3966,-106.8024,Saratoga,USA,,2069,,Sagebrush steppe ecosystem,2006-01-01 00:00:00,2009-12-31 00:00:00
186,US-Syv,MF,46.2420,-89.3477,Sylvania Wilderness Area,USA,826,540.00,120,"Old growth forest consisting primarily of sugar maple and eastern hemlock.  Note that a small lake to the north and data analyses suggest that wind direction screening is appropriate (see Desai, A.R., Bolstad, P.V., Cook, B.D., Davis, K.J., and Carey, E.V., 2005. Comparing net ecosystem exchange of carbon dioxide between an old-growth and mature forest in the upper midwest, USA. Ag. For. Met. 128(1-2): 33-55 (doi: 10.1016/j.agrformet.2004).  Site was chosen to represent an end member representative of the upland forests in the WLEF tall tower flux footprint.  (Note, however, that old growth forests are not found within the WLEF tall tower flux footprint.)",2001-06-01 00:00:00,
187,US-Ton,WSA,38.4316,-120.96598,Tonzi Ranch,USA,559,177,0,"Located in the lower foothills of the Sierra Nevada Mountains, the Tonzi Ranch site is classified as an oak savanna woodland on privately owned land. Managed by local rancher, Russell Tonzi, brush has been periodically removed for cattle grazing. The overstory is dominated by blue oak trees (40% of total vegetation) with intermittent grey pine trees (3 trees/ha). Understory species include a variety of grasses and herbs, including purple false brome, smooth cat's ear, and rose clover. These two distinctive layers operate in and out from one another. Growing season of the understory is confined to the wet season only, typically from October to early May. In contrast, the deciduous blue oak trees are dormant during the rainy winter months and reach maximum LAI in April. The blue oak ecosystem rings the Great Central Valley of California, inhabiting the lower reaches of the Sierra Nevada foothills.",2001-01-01 00:00:00,
193,US-UMB,DBF,45.5598,-84.7138,Univ. of Mich. Biological Station,USA,803,234,,"The UMBS site is located within a protected forest owned by the University of Michigan. Arboreal composition of the forest consists of mid-aged northern hardwoods, conifer understory, aspen, and old growth hemlock. Logging of local white pines began in 1879. In successive years, several other species were harvested. Logging was discontinued in 1980 when the land became protected under the private ownership of the University of Michigan. Patchy low- to high-intensity wildfires occurred yearly from 1880 - 1920, essentially burning the entire region.",1999-01-01 00:00:00,
194,US-UMd,DBF,45.5625,-84.6975,UMBS Disturbance,USA,803,239,,"The UMBS Disturbance site is an artificial disturbance site that has recently been created as part of the Forest Accelerate Succession ExperimenT (FASET). In Spring 2008, every aspen and birch tree (>6,700, ~35% canopy LAI), the dominant early successional trees, were girdled over 39 ha of the FASET treatment plot to stimulate a disturbance that will move the forest into a later successional stage, dominated by maples, oaks, and white pine. This treatment caused aspen and birch mortality within 2 - 3 years. As a result of the changed canopy structure, there is a divergence in net ecosystem exchange between the control plot (enhanced carbon uptake) and the treatment plot (reduced carbon uptake).",2007-01-01 00:00:00,
195,US-Var,GRA,38.4133,-120.9507,Vaira Ranch- Ione,USA,559,129,0,"Located in the lower foothills of the Sierra Nevada Mountains on privately owned land, the Vaira Ranch site is classified as a grassland dominated by C3 annual grasses. Managed by local rancher, Fran Vaira, brush has been periodically removed for cattle grazing. Species include a variety of grasses and herbs, including purple false brome, smooth cat's ear, and rose clover. Growing season is confined to the wet season only, typically from October to early May.",2000-11-01 00:00:00,
196,US-WCr,DBF,45.8059,-90.0799,Willow Creek,USA,787,520.00,100,"Upland decduous broadleaf forest.  Mainly sugar maple, also basswood.  Uniform stand atop a very modest hill.  Clearcut approximately 80 years ago.  Chosen to be representative of the upland deciduous broadleaf forests within the WLEF tall tower flux footprint.  It appears to be more heavily forested and more productive than most of the upland deciduous broadleaf forests in the WLEF flux footprint (see publications for more details).  It is also important that SE winds are screened from the flux data (see Cook et al, 2004 for details).  Propane generator power.",1999-01-01 00:00:00,
197,US-Whs,OSH,31.7438,-110.0522,Walnut Gulch Lucky Hills Shrub,USA,320,1370,0,"A semiarid Chihuahuan Desert shrubland located in the USDA-ARS Walnut Gulch Experimental Watershed (WGEW) surrounding the town of Tombstone, AZ. The site vegetation is comprised of a diverse stand of mainly Chihuahuan desert shrub species like acacia constricta, larrea tridentata, and florensia cernua.",2007-06-29 00:00:00,
198,US-Wi0,ENF,46.6187780,-91.0814440,Young red pine (YRP),USA,,349,,"The Wisconsin Young Red Pine site is located in the Washburn Ranger District of the northeastern section of Chequamegon National Forest. A member of the northern coniferous-deciduous biome, surveys from the mid-19th century indicate the region consisted of a mixed stand of red, white, and jack pines. After extensive timber harvesting, wildfires, and farming activity, the region turned into a fragmented mosaic of stands of various ages and composition. As an assemblage, the ten Wisconsin sites are indicative of the successional stages of development in the predominant stand types of a physically homogeneous landscape. Thinned every 7 years until they reach 100 to 150 years of age, the red pine plantations of all ages occupy approximately 25% of the region.",2002-01-01 00:00:00,2002-01-01 00:00:00
199,US-Wi1,DBF,46.7304720,-91.2329440,Intermediate hardwood (IHW),USA,,352,,"The Wisconsin Intermediate Hardwoods site is located in the Washburn Ranger District of the Chequamegon National Forest. A member of the northern coniferous-deciduous biome, surveys from the mid-19th century indicate the region consisted of a mixed stand of red, white, and jack pines. After extensive timber harvesting, wildfires, and farming activity, the region turned into a fragmented mosaic of stands of various ages and composition. The intermediate hardwoods site is one of ten sites that collectively represent the successional stages of development in the predominant stand types of a physically homogeneous landscape. In 2001, northern hardwood stands of all ages occupied 45% of the region.",2003-01-01 00:00:00,2003-01-01 00:00:00
200,US-Wi2,ENF,46.6868890,-91.1528330,Intermediate red pine (IRP),USA,,395,,"The Wisconsin Intermediate Red Pine site is located in the Washburn Ranger District of the northeastern section of Chequamegon National Forest. A member of the northern coniferous-deciduous biome, surveys from the mid-19th century indicate the region consisted of a mixed stand of red, white, and jack pines. After extensive timber harvesting, wildfires, and farming activity, the region turned into a fragmented mosaic of stands of various ages and composition. The intermediate red pine site is one of ten sites that collectively represent the successional stages of development in the predominant stand types of a physically homogeneous landscape. Thinned every 7 years until they reach 100 to 150 years of age, the red pine plantations of all ages occupy approximately 25% of the region.",2003-01-01 00:00:00,2003-01-01 00:00:00
201,US-Wi3,DBF,46.6347220,-91.0986670,Mature hardwood (MHW),USA,,411,,"The Wisconsin Mature Hardwood site is located in the Washburn Ranger District of the northeastern section of Chequamegon National Forest. A member of the northern coniferous-deciduous biome, surveys from the mid-19th century indicate the region consisted of a mixed stand of red, white, and jack pines. After extensive timber harvesting, wildfires, and farming activity, the region turned into a fragmented mosaic of stands of various ages and composition. As an assemblage, the ten Wisconsin sites are indicative of the successional stages of development in the predominant stand types of a physically homogeneous landscape. The mature hardwood stand represents a typical naturally regenerated second-growth forest, free of anthropogenic disturbances for at least 70 years.",2002-01-01 00:00:00,2004-01-01 00:00:00
202,US-Wi4,ENF,46.7393330,-91.1662500,Mature red pine (MRP),USA,,352,,"The Wisconsin Mature Red Pine site is located in the Washburn Ranger District of the northeastern section of Chequamegon National Forest. A member of the northern coniferous-deciduous biome, surveys from the mid-19th century indicate the region consisted of a mixed stand of red, white, and jack pines. After extensive timber harvesting, wildfires, and farming activity, the region turned into a fragmented mosaic of stands of various ages and composition. As an assemblage, the ten Wisconsin sites are indicative of the successional stages of development in the predominant stand types of a physically homogeneous landscape. Thinned every 7 years until they reach 100 to 150 years of age, the red pine plantations of all ages occupy approximately 25% of the region.",2002-01-01 00:00:00,2005-01-01 00:00:00
203,US-Wi5,ENF,46.6530830,-91.0858060,Mixed young jack pine (MYJP),USA,,353,,"The Wisconsin Mixed Young Jack Pine site is located in the Washburn Ranger District of the northeastern section of Chequamegon National Forest. A member of the northern coniferous-deciduous biome, surveys from the mid-19th century indicate the region consisted of a mixed stand of red, white, and jack pines. After extensive timber harvesting, wildfires, and farming activity, the region turned into a fragmented mosaic of stands of various ages and composition. As an assemblage, the ten Wisconsin sites are indicative of the successional stages of development in the predominant stand types of a physically homogeneous landscape. Clearcut on 40 to 70 year intervals, jack pine stands occupy approximately 13% of the region.",2004-01-01 00:00:00,2004-01-01 00:00:00
204,US-Wi6,OSH,46.6248890,-91.2982220,Pine barrens #1 (PB1),USA,,371,,"The Wisconsin Pine Barrens site is located in the Washburn Ranger District of the northeastern section of Chequamegon National Forest. A member of the northern coniferous-deciduous biome, surveys from the mid-19th century indicate the region consisted of a mixed stand of red, white, and jack pines. After extensive timber harvesting, wildfires, and farming activity, the region turned into a fragmented mosaic of stands of various ages and composition. As an assemblage, the ten Wisconsin sites are indicative of the successional stages of development in the predominant stand types of a physically homogeneous landscape. In order to establish and maintain both natural and plantation jack pine stands, pine barrens undergo prescribed burns and harvesting rotations. Pine Barrens occupy 17% of the region in 2001.",2002-01-01 00:00:00,2002-01-01 00:00:00
205,US-Wi7,OSH,46.6491110,-91.0692780,Red pine clearcut (RPCC),USA,,335,,"The Wisconsin Clearcut Red Pine site is located in the Washburn Ranger District of the northeastern section of Chequamegon National Forest. A member of the northern coniferous-deciduous biome, surveys from the mid-19th century indicate the region consisted of a mixed stand of red, white, and jack pines. After extensive timber harvesting, wildfires, and farming activity, the region turned into a fragmented mosaic of stands of various ages and composition. The red pine clearcut site is one of ten sites that collectively represent the successional stages of development in the predominant stand types of a physically homogeneous landscape. Thinned every 7 years until they reach 100 to 150 years of age, the red pine plantations or all ages occupy approximately 25% of the region.",2005-01-01 00:00:00,2005-01-01 00:00:00
206,US-Wi8,DBF,46.7223330,-91.2524170,Young hardwood clearcut (YHW),USA,,348,,"The Wisconsin Clearcut Young Hardwood site is located in the Washburn Ranger District of the northeastern section of Chequamegon National Forest. A member of the northern coniferous-deciduous biome, surveys from the mid-19th century indicate the region consisted of a mixed stand of red, white, and jack pines. After extensive timber harvesting, wildfires, and farming activity, the region turned into a fragmented mosaic of stands of various ages and composition. The young hardwood clearcut site is one of ten sites that collectively represent the successional stages of development in the predominant stand types of a physically homogeneous landscape. In 2001, northern hardwood stands of all ages occupied 45% of the region.",2002-01-01 00:00:00,2002-01-01 00:00:00
207,US-Wi9,ENF,46.6187780,-91.0814440,Young Jack pine (YJP),USA,,350,,"The Wisconsin Young Jack Pine site is located in the Washburn Ranger District of the northeastern section of Chequamegon National Forest. A member of the northern coniferous-deciduous biome, surveys from the mid-19th century indicate the region consisted of a mixed stand of red, white, and jack pines. After extensive timber harvesting, wildfires, and farming activity, the region turned into a fragmented mosaic of stands of various ages and composition. As an assemblage, the ten Wisconsin sites are indicative of the successional stages of development in the predominant stand types of a physically homogeneous landscape. Clearcut on 40 to 70 year intervals, jack pine stands occupy approximately 13% of the region.",2004-01-01 00:00:00,2005-01-01 00:00:00
208,US-Wkg,GRA,31.7365,-109.9419,Walnut Gulch Kendall Grasslands,USA,407,1531,,"This site is located in a small, intensively-studied, experimental watershed within USDA-ARS's Walnut Gulch Experimental Watershed.  Eddy covariance measurements of energy, water and CO2 fluxes began in the spring of 2004, though meteorological (including Bowen ratio) and hydrological measurements are available much further back.",2004-01-01 00:00:00,
210,ZA-Kru,SAV,-25.0197,31.4969,Skukuza,South Africa,547,359,,,,
211,ZM-Mon,DBF,-15.4391,23.2525,Mongu,Zambia,945,1053,,,,
